t,Joint1^Left,Joint2^Left,Joint3^Left,Joint3_2^Left,Joint5_1_1^Left,Joint5_2_1^Left,Joint7^Left,thumb_1_left,thumb_2_left,thumb_3_left,index_1_left,index_2_left,middle_1_left,middle_2_left,ring_1_left,ring_2_left,little_1_left,little_2_left,Joint1^Right,Joint2^Right,Joint3^Right,Joint3_2^Right,Joint5_1_1^Right,Joint5_2_1^Right,Joint7^Right,thumb_1_right,thumb_2_right,thumb_3_right,index_1_right,index_2_right,middle_1_right,middle_2_right,ring_1_right,ring_2_right,little_1_right,little_2_right
0.0,0.0,0.0,0.0,0.0,0.0,0.0,0.0,0.0,0.0,0.0,0.0,0.0,0.0,0.0,0.0,0.0,0.0,0.0,0.0,0.0,0.0,0.0,0.0,0.0,0.0,0.0,0.0,0.0,0.0,0.0,0.0,0.0,0.0,0.0,0.0,0.0
0.0,0.0,0.0,0.0,0.0,0.0,0.0,0.0,-0.0,-0.0,-0.0,0.0,0.0,-0.0,-0.0,-0.0,-0.0,-0.0,-0.0,0.0,0.0,0.0,0.0,0.0,0.0,0.0,-0.0,-0.0,-0.0,0.0,0.0,-0.0,-0.0,-0.0,-0.0,-0.0,-0.0
0.0,0.0001,0.0,0.0,0.0,0.0,0.0,0.0,-0.0,-0.0,-0.0,0.0,0.0,-0.0001,-0.0001,-0.0001,-0.0001,-0.0001,-0.0001,0.0001,0.0,0.0,0.0,0.0,0.0,0.0,-0.0001,-0.0,-0.0001,0.0,0.0,-0.0,-0.0001,-0.0001,-0.0001,-0.0001,-0.0001
0.0,0.0001,0.0,0.0,0.0001,0.0,0.0,0.0,-0.0001,-0.0001,-0.0001,0.0,0.0,-0.0001,-0.0001,-0.0001,-0.0001,-0.0001,-0.0001,0.0001,0.0,0.0,0.0001,0.0,0.0,0.0,-0.0001,-0.0,-0.0001,0.0,0.0,-0.0001,-0.0001,-0.0001,-0.0001,-0.0001,-0.0001
0.0,0.0003,0.0,0.0,0.0001,0.0,0.0,0.0,-0.0001,-0.0001,-0.0001,0.0,0.0,-0.0002,-0.0002,-0.0002,-0.0002,-0.0002,-0.0002,0.0003,0.0,0.0,0.0001,0.0,0.0,0.0,-0.0002,-0.0001,-0.0002,0.0,0.0,-0.0002,-0.0002,-0.0002,-0.0002,-0.0002,-0.0002
0.0,0.0004,0.0,0.0,0.0002,0.0,0.0,0.0,-0.0002,-0.0002,-0.0002,0.0,0.0,-0.0004,-0.0004,-0.0004,-0.0004,-0.0004,-0.0004,0.0004,0.0,0.0,0.0002,0.0,0.0,0.0,-0.0004,-0.0001,-0.0003,0.0,0.0,-0.0003,-0.0004,-0.0004,-0.0004,-0.0004,-0.0004
0.0,0.0006,0.0,0.0,0.0003,0.0,0.0,0.0,-0.0003,-0.0003,-0.0003,0.0,0.0,-0.0005,-0.0005,-0.0005,-0.0005,-0.0005,-0.0005,0.0006,0.0,0.0,0.0003,0.0,0.0,0.0,-0.0005,-0.0002,-0.0005,0.0,0.0,-0.0004,-0.0006,-0.0005,-0.0005,-0.0005,-0.0005
0.0,0.0008,0.0,0.0,0.0004,0.0,0.0,0.0,-0.0003,-0.0003,-0.0004,0.0,0.0,-0.0007,-0.0007,-0.0007,-0.0007,-0.0007,-0.0007,0.0008,0.0,0.0,0.0004,0.0,0.0,0.0,-0.0007,-0.0003,-0.0006,0.0,0.0,-0.0006,-0.0008,-0.0007,-0.0007,-0.0007,-0.0007
0.0,0.001,0.0,0.0,0.0005,0.0,0.0,0.0,-0.0005,-0.0005,-0.0006,0.0,0.0,-0.001,-0.001,-0.001,-0.001,-0.001,-0.001,0.001,0.0,0.0,0.0005,0.0,0.0,0.0,-0.0009,-0.0003,-0.0008,0.0,0.0,-0.0008,-0.001,-0.001,-0.001,-0.001,-0.001
0.0,0.0013,0.0,0.0,0.0007,0.0,0.0,0.0,-0.0006,-0.0006,-0.0007,0.0,0.0,-0.0012,-0.0012,-0.0012,-0.0012,-0.0012,-0.0012,0.0013,0.0,0.0,0.0007,0.0,0.0,0.0,-0.0011,-0.0004,-0.001,0.0,0.0,-0.001,-0.0013,-0.0012,-0.0012,-0.0012,-0.0012
0.0,0.0016,0.0,0.0,0.0008,0.0,0.0,0.0,-0.0007,-0.0007,-0.0009,0.0,0.0,-0.0015,-0.0015,-0.0015,-0.0015,-0.0015,-0.0015,0.0016,0.0,0.0,0.0008,0.0,0.0,0.0,-0.0014,-0.0005,-0.0013,0.0,0.0,-0.0012,-0.0016,-0.0015,-0.0015,-0.0015,-0.0015
0.0,0.0019,0.0,0.0,0.001,0.0,0.0,0.0,-0.0009,-0.0009,-0.0011,0.0,0.0,-0.0018,-0.0018,-0.0018,-0.0018,-0.0018,-0.0018,0.0019,0.0,0.0,0.001,0.0,0.0,0.0,-0.0017,-0.0006,-0.0015,0.0,0.0,-0.0015,-0.0019,-0.0018,-0.0018,-0.0018,-0.0018
0.0,0.0023,0.0,0.0,0.0012,0.0,0.0,0.0,-0.001,-0.001,-0.0013,0.0,0.0,-0.0021,-0.0021,-0.0021,-0.0021,-0.0021,-0.0021,0.0023,0.0,0.0,0.0012,0.0,0.0,0.0,-0.002,-0.0007,-0.0018,0.0,0.0,-0.0018,-0.0022,-0.0021,-0.0021,-0.0021,-0.0021
0.0,0.0027,0.0,0.0,0.0014,0.0,0.0,0.0,-0.0012,-0.0012,-0.0015,0.0,0.0,-0.0025,-0.0025,-0.0025,-0.0025,-0.0025,-0.0025,0.0027,0.0,0.0,0.0014,0.0,0.0,0.0,-0.0024,-0.0009,-0.0021,0.0,0.0,-0.0021,-0.0026,-0.0025,-0.0025,-0.0025,-0.0025
0.0,0.0031,0.0,0.0,0.0016,0.0,0.0,0.0,-0.0014,-0.0014,-0.0017,0.0,0.0,-0.0029,-0.0029,-0.0029,-0.0029,-0.0029,-0.0029,0.0031,0.0,0.0,0.0016,0.0,0.0,0.0,-0.0028,-0.001,-0.0025,0.0,0.0,-0.0024,-0.003,-0.0029,-0.0029,-0.0029,-0.0029
0.0,0.0035,0.0,0.0,0.0018,0.0,0.0,0.0,-0.0016,-0.0016,-0.002,0.0,0.0,-0.0033,-0.0033,-0.0033,-0.0033,-0.0033,-0.0033,0.0035,0.0,0.0,0.0018,0.0,0.0,0.0,-0.0032,-0.0012,-0.0029,0.0,0.0,-0.0028,-0.0035,-0.0033,-0.0033,-0.0033,-0.0033
0.0,0.004,0.0,0.0,0.0021,0.0,0.0,0.0,-0.0018,-0.0018,-0.0022,0.0,0.0,-0.0038,-0.0038,-0.0038,-0.0038,-0.0038,-0.0038,0.004,0.0,0.0,0.0021,0.0,0.0,0.0,-0.0036,-0.0013,-0.0032,0.0,0.0,-0.0031,-0.004,-0.0038,-0.0038,-0.0038,-0.0038
0.0,0.0045,0.0,0.0,0.0023,0.0,0.0,0.0,-0.0021,-0.0021,-0.0025,0.0,0.0,-0.0043,-0.0043,-0.0043,-0.0043,-0.0043,-0.0043,0.0045,0.0,0.0,0.0023,0.0,0.0,0.0,-0.0041,-0.0015,-0.0037,0.0,0.0,-0.0035,-0.0045,-0.0043,-0.0043,-0.0043,-0.0043
0.0,0.0051,0.0,0.0,0.0026,0.0,0.0,0.0,-0.0023,-0.0023,-0.0028,0.0,0.0,-0.0048,-0.0048,-0.0048,-0.0048,-0.0048,-0.0048,0.0051,0.0,0.0,0.0026,0.0,0.0,0.0,-0.0046,-0.0017,-0.0041,0.0,0.0,-0.004,-0.005,-0.0048,-0.0048,-0.0048,-0.0048
0.0,0.0057,0.0,0.0,0.0029,0.0,0.0,0.0,-0.0026,-0.0026,-0.0031,0.0,0.0,-0.0054,-0.0054,-0.0054,-0.0054,-0.0054,-0.0054,0.0057,0.0,0.0,0.0029,0.0,0.0,0.0,-0.0051,-0.0019,-0.0046,0.0,0.0,-0.0044,-0.0056,-0.0054,-0.0054,-0.0054,-0.0054
0.0,0.0063,0.0,0.0,0.0032,0.0,0.0,0.0,-0.0029,-0.0029,-0.0035,0.0,0.0,-0.0059,-0.0059,-0.0059,-0.0059,-0.0059,-0.0059,0.0063,0.0,0.0,0.0032,0.0,0.0,0.0,-0.0056,-0.0021,-0.0051,0.0,0.0,-0.0049,-0.0062,-0.0059,-0.0059,-0.0059,-0.0059
0.0,0.0069,0.0,0.0,0.0036,0.0,0.0,0.0,-0.0031,-0.0031,-0.0038,0.0,0.0,-0.0065,-0.0065,-0.0065,-0.0065,-0.0065,-0.0065,0.0069,0.0,0.0,0.0036,0.0,0.0,0.0,-0.0062,-0.0023,-0.0056,0.0,0.0,-0.0054,-0.0069,-0.0065,-0.0065,-0.0065,-0.0065
0.0,0.0076,0.0,0.0,0.0039,0.0,0.0,0.0,-0.0034,-0.0034,-0.0042,0.0,0.0,-0.0072,-0.0072,-0.0072,-0.0072,-0.0072,-0.0072,0.0076,0.0,0.0,0.0039,0.0,0.0,0.0,-0.0068,-0.0025,-0.0061,0.0,0.0,-0.0059,-0.0075,-0.0072,-0.0072,-0.0072,-0.0072
0.0,0.0083,0.0,0.0,0.0043,0.0,0.0,0.0,-0.0038,-0.0038,-0.0046,0.0,0.0,-0.0078,-0.0078,-0.0078,-0.0078,-0.0078,-0.0078,0.0083,0.0,0.0,0.0043,0.0,0.0,0.0,-0.0074,-0.0027,-0.0067,0.0,0.0,-0.0065,-0.0082,-0.0078,-0.0078,-0.0078,-0.0078
0.0,0.0091,0.0,0.0,0.0047,0.0,0.0,0.0,-0.0041,-0.0041,-0.005,0.0,0.0,-0.0085,-0.0085,-0.0085,-0.0085,-0.0085,-0.0085,0.0091,0.0,0.0,0.0047,0.0,0.0,0.0,-0.0081,-0.003,-0.0073,0.0,0.0,-0.0071,-0.0089,-0.0085,-0.0085,-0.0085,-0.0085
0.0,0.0098,0.0,0.0,0.0051,0.0,0.0,0.0,-0.0044,-0.0044,-0.0054,0.0,0.0,-0.0093,-0.0093,-0.0093,-0.0093,-0.0093,-0.0093,0.0098,0.0,0.0,0.0051,0.0,0.0,0.0,-0.0088,-0.0032,-0.0079,0.0,0.0,-0.0077,-0.0097,-0.0093,-0.0093,-0.0093,-0.0093
0.0,0.0106,0.0,0.0,0.0055,0.0,0.0,0.0,-0.0048,-0.0048,-0.0059,0.0,0.0,-0.01,-0.01,-0.01,-0.01,-0.01,-0.01,0.0106,0.0,0.0,0.0055,0.0,0.0,0.0,-0.0095,-0.0035,-0.0086,0.0,0.0,-0.0083,-0.0105,-0.01,-0.01,-0.01,-0.01
0.0,0.0115,0.0,0.0,0.0059,0.0,0.0,0.0,-0.0052,-0.0052,-0.0063,0.0,0.0,-0.0108,-0.0108,-0.0108,-0.0108,-0.0108,-0.0108,0.0115,0.0,0.0,0.0059,0.0,0.0,0.0,-0.0102,-0.0038,-0.0092,0.0,0.0,-0.0089,-0.0113,-0.0108,-0.0108,-0.0108,-0.0108
0.0,0.0123,0.0,0.0,0.0063,0.0,0.0,0.0,-0.0056,-0.0056,-0.0068,0.0,0.0,-0.0116,-0.0116,-0.0116,-0.0116,-0.0116,-0.0116,0.0123,0.0,0.0,0.0063,0.0,0.0,0.0,-0.011,-0.0041,-0.0099,0.0,0.0,-0.0096,-0.0122,-0.0116,-0.0116,-0.0116,-0.0116
0.0,0.0132,0.0,0.0,0.0068,0.0,0.0,0.0,-0.006,-0.006,-0.0073,0.0,0.0,-0.0125,-0.0125,-0.0125,-0.0125,-0.0125,-0.0125,0.0132,0.0,0.0,0.0068,0.0,0.0,0.0,-0.0118,-0.0044,-0.0106,0.0,0.0,-0.0103,-0.013,-0.0125,-0.0125,-0.0125,-0.0125
0.0,0.0141,0.0,0.0,0.0073,0.0,0.0,0.0,-0.0064,-0.0064,-0.0078,0.0,0.0,-0.0133,-0.0133,-0.0133,-0.0133,-0.0133,-0.0133,0.0141,0.0,0.0,0.0073,0.0,0.0,0.0,-0.0126,-0.0047,-0.0114,0.0,0.0,-0.011,-0.014,-0.0133,-0.0133,-0.0133,-0.0133
0.0,0.0151,0.0,0.0,0.0078,0.0,0.0,0.0,-0.0068,-0.0068,-0.0083,0.0,0.0,-0.0142,-0.0142,-0.0142,-0.0142,-0.0142,-0.0142,0.0151,0.0,0.0,0.0078,0.0,0.0,0.0,-0.0135,-0.005,-0.0122,0.0,0.0,-0.0118,-0.0149,-0.0142,-0.0142,-0.0142,-0.0142
0.0,0.0161,0.0,0.0,0.0083,0.0,0.0,0.0,-0.0073,-0.0073,-0.0089,0.0,0.0,-0.0152,-0.0152,-0.0152,-0.0152,-0.0152,-0.0152,0.0161,0.0,0.0,0.0083,0.0,0.0,0.0,-0.0144,-0.0053,-0.0129,0.0,0.0,-0.0125,-0.0159,-0.0152,-0.0152,-0.0152,-0.0152
0.0,0.0171,0.0,0.0,0.0088,0.0,0.0,0.0,-0.0077,-0.0077,-0.0094,0.0,0.0,-0.0161,-0.0161,-0.0161,-0.0161,-0.0161,-0.0161,0.0171,0.0,0.0,0.0088,0.0,0.0,0.0,-0.0153,-0.0056,-0.0138,0.0,0.0,-0.0133,-0.0169,-0.0161,-0.0161,-0.0161,-0.0161
0.0,0.0181,0.0,0.0,0.0093,0.0,0.0,0.0,-0.0082,-0.0082,-0.01,0.0,0.0,-0.0171,-0.0171,-0.0171,-0.0171,-0.0171,-0.0171,0.0181,0.0,0.0,0.0093,0.0,0.0,0.0,-0.0162,-0.006,-0.0146,0.0,0.0,-0.0142,-0.0179,-0.0171,-0.0171,-0.0171,-0.0171
0.0,0.0192,0.0,0.0,0.0099,0.0,0.0,0.0,-0.0087,-0.0087,-0.0106,0.0,0.0,-0.0181,-0.0181,-0.0181,-0.0181,-0.0181,-0.0181,0.0192,0.0,0.0,0.0099,0.0,0.0,0.0,-0.0172,-0.0063,-0.0155,0.0,0.0,-0.015,-0.019,-0.0181,-0.0181,-0.0181,-0.0181
0.0,0.0203,0.0,0.0,0.0105,0.0,0.0,0.0,-0.0092,-0.0092,-0.0112,0.0,0.0,-0.0192,-0.0192,-0.0192,-0.0192,-0.0192,-0.0192,0.0203,0.0,0.0,0.0105,0.0,0.0,0.0,-0.0182,-0.0067,-0.0164,0.0,0.0,-0.0159,-0.0201,-0.0192,-0.0192,-0.0192,-0.0192
0.0,0.0215,0.0,0.0,0.0111,0.0,0.0,0.0,-0.0097,-0.0097,-0.0118,0.0,0.0,-0.0203,-0.0203,-0.0203,-0.0203,-0.0203,-0.0203,0.0215,0.0,0.0,0.0111,0.0,0.0,0.0,-0.0192,-0.0071,-0.0173,0.0,0.0,-0.0167,-0.0212,-0.0203,-0.0203,-0.0203,-0.0203
0.0,0.0226,0.0,0.0,0.0117,0.0,0.0,0.0,-0.0103,-0.0103,-0.0125,0.0,0.0,-0.0214,-0.0214,-0.0214,-0.0214,-0.0214,-0.0214,0.0226,0.0,0.0,0.0117,0.0,0.0,0.0,-0.0202,-0.0075,-0.0182,0.0,0.0,-0.0177,-0.0224,-0.0214,-0.0214,-0.0214,-0.0214
0.0,0.0238,0.0,0.0,0.0123,0.0,0.0,0.0,-0.0108,-0.0108,-0.0132,0.0,0.0,-0.0225,-0.0225,-0.0225,-0.0225,-0.0225,-0.0225,0.0238,0.0,0.0,0.0123,0.0,0.0,0.0,-0.0213,-0.0079,-0.0192,0.0,0.0,-0.0186,-0.0235,-0.0225,-0.0225,-0.0225,-0.0225
0.0,0.0251,0.0,0.0,0.0129,0.0,0.0,0.0,-0.0114,-0.0114,-0.0138,0.0,0.0,-0.0237,-0.0237,-0.0237,-0.0237,-0.0237,-0.0237,0.0251,0.0,0.0,0.0129,0.0,0.0,0.0,-0.0224,-0.0083,-0.0202,0.0,0.0,-0.0196,-0.0248,-0.0237,-0.0237,-0.0237,-0.0237
0.0,0.0263,0.0,0.0,0.0136,0.0,0.0,0.0,-0.0119,-0.0119,-0.0145,0.0,0.0,-0.0248,-0.0248,-0.0248,-0.0248,-0.0248,-0.0248,0.0263,0.0,0.0,0.0136,0.0,0.0,0.0,-0.0235,-0.0087,-0.0212,0.0,0.0,-0.0205,-0.026,-0.0248,-0.0248,-0.0248,-0.0248
0.0,0.0276,0.0,0.0,0.0142,0.0,0.0,0.0,-0.0125,-0.0125,-0.0152,0.0,0.0,-0.0261,-0.0261,-0.0261,-0.0261,-0.0261,-0.0261,0.0276,0.0,0.0,0.0142,0.0,0.0,0.0,-0.0247,-0.0091,-0.0222,0.0,0.0,-0.0215,-0.0273,-0.0261,-0.0261,-0.0261,-0.0261
0.0,0.029,0.0,0.0,0.0149,0.0,0.0,0.0,-0.0131,-0.0131,-0.016,0.0,0.0,-0.0273,-0.0273,-0.0273,-0.0273,-0.0273,-0.0273,0.029,0.0,0.0,0.0149,0.0,0.0,0.0,-0.0259,-0.0096,-0.0233,0.0,0.0,-0.0226,-0.0286,-0.0273,-0.0273,-0.0273,-0.0273
0.0,0.0303,0.0,0.0,0.0156,0.0,0.0,0.0,-0.0137,-0.0137,-0.0167,0.0,0.0,-0.0286,-0.0286,-0.0286,-0.0286,-0.0286,-0.0286,0.0303,0.0,0.0,0.0156,0.0,0.0,0.0,-0.0271,-0.01,-0.0244,0.0,0.0,-0.0236,-0.0299,-0.0286,-0.0286,-0.0286,-0.0286
0.0,0.0317,0.0,0.0,0.0163,0.0,0.0,0.0,-0.0144,-0.0144,-0.0175,0.0,0.0,-0.0299,-0.0299,-0.0299,-0.0299,-0.0299,-0.0299,0.0317,0.0,0.0,0.0163,0.0,0.0,0.0,-0.0283,-0.0105,-0.0255,0.0,0.0,-0.0247,-0.0313,-0.0299,-0.0299,-0.0299,-0.0299
0.0,0.0331,0.0,0.0,0.0171,0.0,0.0,0.0,-0.015,-0.015,-0.0183,0.0,0.0,-0.0312,-0.0312,-0.0312,-0.0312,-0.0312,-0.0312,0.0331,0.0,0.0,0.0171,0.0,0.0,0.0,-0.0296,-0.0109,-0.0267,0.0,0.0,-0.0258,-0.0327,-0.0312,-0.0312,-0.0312,-0.0312
0.0,0.0346,0.0,0.0,0.0178,0.0,0.0,0.0,-0.0156,-0.0156,-0.0191,0.0,0.0,-0.0326,-0.0326,-0.0326,-0.0326,-0.0326,-0.0326,0.0346,0.0,0.0,0.0178,0.0,0.0,0.0,-0.0309,-0.0114,-0.0278,0.0,0.0,-0.0269,-0.0341,-0.0326,-0.0326,-0.0326,-0.0326
0.0,0.036,0.0,0.0,0.0186,0.0,0.0,0.0,-0.0163,-0.0163,-0.0199,0.0,0.0,-0.034,-0.034,-0.034,-0.034,-0.034,-0.034,0.036,0.0,0.0,0.0186,0.0,0.0,0.0,-0.0322,-0.0119,-0.029,0.0,0.0,-0.0281,-0.0356,-0.034,-0.034,-0.034,-0.034
0.0,0.0375,0.0,0.0,0.0193,0.0,0.0,0.0,-0.017,-0.017,-0.0207,0.0,0.0,-0.0354,-0.0354,-0.0354,-0.0354,-0.0354,-0.0354,0.0375,0.0,0.0,0.0193,0.0,0.0,0.0,-0.0335,-0.0124,-0.0302,0.0,0.0,-0.0293,-0.0371,-0.0354,-0.0354,-0.0354,-0.0354
0.0,0.0391,0.0,0.0,0.0201,0.0,0.0,0.0,-0.0177,-0.0177,-0.0215,0.0,0.0,-0.0369,-0.0369,-0.0369,-0.0369,-0.0369,-0.0369,0.0391,0.0,0.0,0.0201,0.0,0.0,0.0,-0.0349,-0.0129,-0.0314,0.0,0.0,-0.0305,-0.0386,-0.0369,-0.0369,-0.0369,-0.0369
0.0,0.0406,0.0,0.0,0.0209,0.0,0.0,0.0,-0.0184,-0.0184,-0.0224,0.0,0.0,-0.0383,-0.0383,-0.0383,-0.0383,-0.0383,-0.0383,0.0406,0.0,0.0,0.0209,0.0,0.0,0.0,-0.0363,-0.0134,-0.0327,0.0,0.0,-0.0317,-0.0401,-0.0383,-0.0383,-0.0383,-0.0383
0.0,0.0422,0.0,0.0,0.0217,0.0,0.0,0.0,-0.0191,-0.0191,-0.0233,0.0,0.0,-0.0398,-0.0398,-0.0398,-0.0398,-0.0398,-0.0398,0.0422,0.0,0.0,0.0217,0.0,0.0,0.0,-0.0377,-0.0139,-0.034,0.0,0.0,-0.0329,-0.0417,-0.0398,-0.0398,-0.0398,-0.0398
0.0,0.0438,0.0,0.0,0.0226,0.0,0.0,0.0,-0.0199,-0.0199,-0.0242,0.0,0.0,-0.0414,-0.0414,-0.0414,-0.0414,-0.0414,-0.0414,0.0438,0.0,0.0,0.0226,0.0,0.0,0.0,-0.0392,-0.0145,-0.0353,0.0,0.0,-0.0342,-0.0433,-0.0414,-0.0414,-0.0414,-0.0414
0.0,0.0455,0.0,0.0,0.0234,0.0,0.0,0.0,-0.0206,-0.0206,-0.0251,0.0,0.0,-0.0429,-0.0429,-0.0429,-0.0429,-0.0429,-0.0429,0.0455,0.0,0.0,0.0234,0.0,0.0,0.0,-0.0406,-0.015,-0.0366,0.0,0.0,-0.0355,-0.0449,-0.0429,-0.0429,-0.0429,-0.0429
0.0,0.0472,0.0,0.0,0.0243,0.0,0.0,0.0,-0.0214,-0.0214,-0.026,0.0,0.0,-0.0445,-0.0445,-0.0445,-0.0445,-0.0445,-0.0445,0.0472,0.0,0.0,0.0243,0.0,0.0,0.0,-0.0421,-0.0156,-0.038,0.0,0.0,-0.0368,-0.0466,-0.0445,-0.0445,-0.0445,-0.0445
0.0,0.0489,0.0,0.0,0.0252,0.0,0.0,0.0,-0.0221,-0.0221,-0.027,0.0,0.0,-0.0461,-0.0461,-0.0461,-0.0461,-0.0461,-0.0461,0.0489,0.0,0.0,0.0252,0.0,0.0,0.0,-0.0437,-0.0161,-0.0394,0.0,0.0,-0.0381,-0.0483,-0.0461,-0.0461,-0.0461,-0.0461
0.0,0.0506,0.0,0.0,0.0261,0.0,0.0,0.0,-0.0229,-0.0229,-0.0279,0.0,0.0,-0.0478,-0.0478,-0.0478,-0.0478,-0.0478,-0.0478,0.0506,0.0,0.0,0.0261,0.0,0.0,0.0,-0.0452,-0.0167,-0.0408,0.0,0.0,-0.0395,-0.05,-0.0478,-0.0478,-0.0478,-0.0478
0.0,0.0524,0.0,0.0,0.027,0.0,0.0,0.0,-0.0237,-0.0237,-0.0289,0.0,0.0,-0.0494,-0.0494,-0.0494,-0.0494,-0.0494,-0.0494,0.0524,0.0,0.0,0.027,0.0,0.0,0.0,-0.0468,-0.0173,-0.0422,0.0,0.0,-0.0409,-0.0518,-0.0494,-0.0494,-0.0494,-0.0494
0.0,0.0542,0.0,0.0,0.0279,0.0,0.0,0.0,-0.0246,-0.0246,-0.0299,0.0,0.0,-0.0511,-0.0511,-0.0511,-0.0511,-0.0511,-0.0511,0.0542,0.0,0.0,0.0279,0.0,0.0,0.0,-0.0484,-0.0179,-0.0436,0.0,0.0,-0.0423,-0.0535,-0.0511,-0.0511,-0.0511,-0.0511
0.0,0.056,0.0,0.0,0.0289,0.0,0.0,0.0,-0.0254,-0.0254,-0.0309,0.0,0.0,-0.0529,-0.0529,-0.0529,-0.0529,-0.0529,-0.0529,0.056,0.0,0.0,0.0289,0.0,0.0,0.0,-0.0501,-0.0185,-0.0451,0.0,0.0,-0.0437,-0.0553,-0.0529,-0.0529,-0.0529,-0.0529
0.0,0.0579,0.0,0.0,0.0298,0.0,0.0,0.0,-0.0262,-0.0262,-0.0319,0.0,0.0,-0.0546,-0.0546,-0.0546,-0.0546,-0.0546,-0.0546,0.0579,0.0,0.0,0.0298,0.0,0.0,0.0,-0.0517,-0.0191,-0.0466,0.0,0.0,-0.0452,-0.0572,-0.0546,-0.0546,-0.0546,-0.0546
0.0,0.0598,0.0,0.0,0.0308,0.0,0.0,0.0,-0.0271,-0.0271,-0.033,0.0,0.0,-0.0564,-0.0564,-0.0564,-0.0564,-0.0564,-0.0564,0.0598,0.0,0.0,0.0308,0.0,0.0,0.0,-0.0534,-0.0197,-0.0481,0.0,0.0,-0.0466,-0.059,-0.0564,-0.0564,-0.0564,-0.0564
0.0,0.0617,0.0,0.0,0.0318,0.0,0.0,0.0,-0.0279,-0.0279,-0.034,0.0,0.0,-0.0582,-0.0582,-0.0582,-0.0582,-0.0582,-0.0582,0.0617,0.0,0.0,0.0318,0.0,0.0,0.0,-0.0551,-0.0204,-0.0497,0.0,0.0,-0.0481,-0.0609,-0.0582,-0.0582,-0.0582,-0.0582
0.0,0.0637,0.0,0.0,0.0328,0.0,0.0,0.0,-0.0288,-0.0288,-0.0351,0.0,0.0,-0.0601,-0.0601,-0.0601,-0.0601,-0.0601,-0.0601,0.0637,0.0,0.0,0.0328,0.0,0.0,0.0,-0.0569,-0.021,-0.0513,0.0,0.0,-0.0497,-0.0629,-0.0601,-0.0601,-0.0601,-0.0601
0.0,0.0656,0.0,0.0,0.0338,0.0,0.0,0.0,-0.0297,-0.0297,-0.0362,0.0,0.0,-0.0619,-0.0619,-0.0619,-0.0619,-0.0619,-0.0619,0.0656,0.0,0.0,0.0338,0.0,0.0,0.0,-0.0586,-0.0217,-0.0528,0.0,0.0,-0.0512,-0.0648,-0.0619,-0.0619,-0.0619,-0.0619
0.0,0.0676,0.0,0.0,0.0348,0.0,0.0,0.0,-0.0306,-0.0306,-0.0373,0.0,0.0,-0.0638,-0.0638,-0.0638,-0.0638,-0.0638,-0.0638,0.0676,0.0,0.0,0.0348,0.0,0.0,0.0,-0.0604,-0.0223,-0.0545,0.0,0.0,-0.0528,-0.0668,-0.0638,-0.0638,-0.0638,-0.0638
0.0,0.0697,0.0,0.0,0.0359,0.0,0.0,0.0,-0.0316,-0.0316,-0.0384,0.0,0.0,-0.0657,-0.0657,-0.0657,-0.0657,-0.0657,-0.0657,0.0697,0.0,0.0,0.0359,0.0,0.0,0.0,-0.0622,-0.023,-0.0561,0.0,0.0,-0.0543,-0.0688,-0.0657,-0.0657,-0.0657,-0.0657
0.0,0.0717,0.0,0.0,0.037,0.0,0.0,0.0,-0.0325,-0.0325,-0.0396,0.0,0.0,-0.0677,-0.0677,-0.0677,-0.0677,-0.0677,-0.0677,0.0717,0.0,0.0,0.037,0.0,0.0,0.0,-0.0641,-0.0237,-0.0578,0.0,0.0,-0.056,-0.0708,-0.0677,-0.0677,-0.0677,-0.0677
0.0,0.0738,0.0,0.0,0.038,0.0,0.0,0.0,-0.0334,-0.0334,-0.0407,0.0,0.0,-0.0697,-0.0697,-0.0697,-0.0697,-0.0697,-0.0697,0.0738,0.0,0.0,0.038,0.0,0.0,0.0,-0.0659,-0.0244,-0.0594,0.0,0.0,-0.0576,-0.0729,-0.0697,-0.0697,-0.0697,-0.0697
0.0,0.076,0.0,0.0,0.0391,0.0,0.0,0.0,-0.0344,-0.0344,-0.0419,0.0,0.0,-0.0717,-0.0717,-0.0717,-0.0717,-0.0717,-0.0717,0.076,0.0,0.0,0.0391,0.0,0.0,0.0,-0.0678,-0.0251,-0.0612,0.0,0.0,-0.0592,-0.075,-0.0717,-0.0717,-0.0717,-0.0717
0.0,0.0781,0.0,0.0,0.0402,0.0,0.0,0.0,-0.0354,-0.0354,-0.0431,0.0,0.0,-0.0737,-0.0737,-0.0737,-0.0737,-0.0737,-0.0737,0.0781,0.0,0.0,0.0402,0.0,0.0,0.0,-0.0698,-0.0258,-0.0629,0.0,0.0,-0.0609,-0.0771,-0.0737,-0.0737,-0.0737,-0.0737
0.0,0.0803,0.0,0.0,0.0414,0.0,0.0,0.0,-0.0364,-0.0364,-0.0443,0.0,0.0,-0.0757,-0.0757,-0.0757,-0.0757,-0.0757,-0.0757,0.0803,0.0,0.0,0.0414,0.0,0.0,0.0,-0.0717,-0.0265,-0.0646,0.0,0.0,-0.0626,-0.0793,-0.0757,-0.0757,-0.0757,-0.0757
0.0,0.0825,0.0,0.0,0.0425,0.0,0.0,0.0,-0.0374,-0.0374,-0.0455,0.0,0.0,-0.0778,-0.0778,-0.0778,-0.0778,-0.0778,-0.0778,0.0825,0.0,0.0,0.0425,0.0,0.0,0.0,-0.0737,-0.0272,-0.0664,0.0,0.0,-0.0643,-0.0815,-0.0778,-0.0778,-0.0778,-0.0778
0.0,0.0847,0.0,0.0,0.0436,0.0,0.0,0.0,-0.0384,-0.0384,-0.0467,0.0,0.0,-0.0799,-0.0799,-0.0799,-0.0799,-0.0799,-0.0799,0.0847,0.0,0.0,0.0436,0.0,0.0,0.0,-0.0757,-0.028,-0.0682,0.0,0.0,-0.0661,-0.0837,-0.0799,-0.0799,-0.0799,-0.0799
0.0,0.087,0.0,0.0,0.0448,0.0,0.0,0.0,-0.0394,-0.0394,-0.048,0.0,0.0,-0.0821,-0.0821,-0.0821,-0.0821,-0.0821,-0.0821,0.087,0.0,0.0,0.0448,0.0,0.0,0.0,-0.0777,-0.0287,-0.07,0.0,0.0,-0.0678,-0.0859,-0.0821,-0.0821,-0.0821,-0.0821
0.0,0.0893,0.0,0.0,0.046,0.0,0.0,0.0,-0.0404,-0.0404,-0.0492,0.0,0.0,-0.0842,-0.0842,-0.0842,-0.0842,-0.0842,-0.0842,0.0893,0.0,0.0,0.046,0.0,0.0,0.0,-0.0797,-0.0295,-0.0719,0.0,0.0,-0.0696,-0.0882,-0.0842,-0.0842,-0.0842,-0.0842
0.0,0.0916,0.0,0.0,0.0472,0.0,0.0,0.0,-0.0415,-0.0415,-0.0505,0.0,0.0,-0.0864,-0.0864,-0.0864,-0.0864,-0.0864,-0.0864,0.0916,0.0,0.0,0.0472,0.0,0.0,0.0,-0.0818,-0.0302,-0.0737,0.0,0.0,-0.0714,-0.0904,-0.0864,-0.0864,-0.0864,-0.0864
0.0,0.0939,0.0,0.0,0.0484,0.0,0.0,0.0,-0.0425,-0.0425,-0.0518,0.0,0.0,-0.0886,-0.0886,-0.0886,-0.0886,-0.0886,-0.0886,0.0939,0.0,0.0,0.0484,0.0,0.0,0.0,-0.0839,-0.031,-0.0756,0.0,0.0,-0.0733,-0.0928,-0.0886,-0.0886,-0.0886,-0.0886
0.0,0.0963,0.0,0.0,0.0496,0.0,0.0,0.0,-0.0436,-0.0436,-0.0531,0.0,0.0,-0.0909,-0.0909,-0.0909,-0.0909,-0.0909,-0.0909,0.0963,0.0,0.0,0.0496,0.0,0.0,0.0,-0.086,-0.0318,-0.0775,0.0,0.0,-0.0751,-0.0951,-0.0909,-0.0909,-0.0909,-0.0909
0.0,0.0987,0.0,0.0,0.0509,0.0,0.0,0.0,-0.0447,-0.0447,-0.0545,0.0,0.0,-0.0931,-0.0931,-0.0931,-0.0931,-0.0931,-0.0931,0.0987,0.0,0.0,0.0509,0.0,0.0,0.0,-0.0882,-0.0326,-0.0795,0.0,0.0,-0.077,-0.0975,-0.0931,-0.0931,-0.0931,-0.0931
0.0,0.1012,0.0,0.0,0.0521,0.0,0.0,0.0,-0.0458,-0.0458,-0.0558,0.0,0.0,-0.0954,-0.0954,-0.0954,-0.0954,-0.0954,-0.0954,0.1012,0.0,0.0,0.0521,0.0,0.0,0.0,-0.0903,-0.0334,-0.0814,0.0,0.0,-0.0789,-0.0999,-0.0954,-0.0954,-0.0954,-0.0954
0.0,0.1036,0.0,0.0,0.0534,0.0,0.0,0.0,-0.0469,-0.0469,-0.0571,0.0,0.0,-0.0977,-0.0977,-0.0977,-0.0977,-0.0977,-0.0977,0.1036,0.0,0.0,0.0534,0.0,0.0,0.0,-0.0925,-0.0342,-0.0834,0.0,0.0,-0.0808,-0.1023,-0.0977,-0.0977,-0.0977,-0.0977
0.0,0.1061,0.0,0.0,0.0546,0.0,0.0,0.0,-0.048,-0.048,-0.0585,0.0,0.0,-0.1001,-0.1001,-0.1001,-0.1001,-0.1001,-0.1001,0.1061,0.0,0.0,0.0546,0.0,0.0,0.0,-0.0947,-0.035,-0.0854,0.0,0.0,-0.0827,-0.1048,-0.1001,-0.1001,-0.1001,-0.1001
0.0,0.1086,0.0,0.0,0.0559,0.0,0.0,0.0,-0.0492,-0.0492,-0.0599,0.0,0.0,-0.1025,-0.1025,-0.1025,-0.1025,-0.1025,-0.1025,0.1086,0.0,0.0,0.0559,0.0,0.0,0.0,-0.097,-0.0359,-0.0874,0.0,0.0,-0.0847,-0.1072,-0.1025,-0.1025,-0.1025,-0.1025
0.0,0.1111,0.0,0.0,0.0572,0.0,0.0,0.0,-0.0503,-0.0503,-0.0613,0.0,0.0,-0.1049,-0.1049,-0.1049,-0.1049,-0.1049,-0.1049,0.1111,0.0,0.0,0.0572,0.0,0.0,0.0,-0.0993,-0.0367,-0.0895,0.0,0.0,-0.0867,-0.1097,-0.1049,-0.1049,-0.1049,-0.1049
0.0,0.1137,0.0,0.0,0.0586,0.0,0.0,0.0,-0.0515,-0.0515,-0.0627,0.0,0.0,-0.1073,-0.1073,-0.1073,-0.1073,-0.1073,-0.1073,0.1137,0.0,0.0,0.0586,0.0,0.0,0.0,-0.1016,-0.0375,-0.0915,0.0,0.0,-0.0887,-0.1123,-0.1073,-0.1073,-0.1073,-0.1073
0.0,0.1163,0.0,0.0,0.0599,0.0,0.0,0.0,-0.0527,-0.0527,-0.0641,0.0,0.0,-0.1097,-0.1097,-0.1097,-0.1097,-0.1097,-0.1097,0.1163,0.0,0.0,0.0599,0.0,0.0,0.0,-0.1039,-0.0384,-0.0936,0.0,0.0,-0.0907,-0.1148,-0.1097,-0.1097,-0.1097,-0.1097
0.0,0.1189,0.0,0.0,0.0613,0.0,0.0,0.0,-0.0539,-0.0539,-0.0656,0.0,0.0,-0.1122,-0.1122,-0.1122,-0.1122,-0.1122,-0.1122,0.1189,0.0,0.0,0.0613,0.0,0.0,0.0,-0.1062,-0.0393,-0.0957,0.0,0.0,-0.0927,-0.1174,-0.1122,-0.1122,-0.1122,-0.1122
0.0,0.1216,0.0,0.0,0.0626,0.0,0.0,0.0,-0.0551,-0.0551,-0.0671,0.0,0.0,-0.1147,-0.1147,-0.1147,-0.1147,-0.1147,-0.1147,0.1216,0.0,0.0,0.0626,0.0,0.0,0.0,-0.1086,-0.0401,-0.0979,0.0,0.0,-0.0948,-0.12,-0.1147,-0.1147,-0.1147,-0.1147
0.0,0.1242,0.0,0.0,0.064,0.0,0.0,0.0,-0.0563,-0.0563,-0.0685,0.0,0.0,-0.1172,-0.1172,-0.1172,-0.1172,-0.1172,-0.1172,0.1242,0.0,0.0,0.064,0.0,0.0,0.0,-0.111,-0.041,-0.1,0.0,0.0,-0.0969,-0.1227,-0.1172,-0.1172,-0.1172,-0.1172
0.0,0.1269,0.0,0.0,0.0654,0.0,0.0,0.0,-0.0575,-0.0575,-0.07,0.0,0.0,-0.1198,-0.1198,-0.1198,-0.1198,-0.1198,-0.1198,0.1269,0.0,0.0,0.0654,0.0,0.0,0.0,-0.1134,-0.0419,-0.1022,0.0,0.0,-0.099,-0.1253,-0.1198,-0.1198,-0.1198,-0.1198
0.0,0.1297,0.0,0.0,0.0668,0.0,0.0,0.0,-0.0587,-0.0587,-0.0715,0.0,0.0,-0.1223,-0.1223,-0.1223,-0.1223,-0.1223,-0.1223,0.1297,0.0,0.0,0.0668,0.0,0.0,0.0,-0.1158,-0.0428,-0.1044,0.0,0.0,-0.1011,-0.128,-0.1223,-0.1223,-0.1223,-0.1223
0.0,0.1324,0.0,0.0,0.0682,0.0,0.0,0.0,-0.06,-0.06,-0.073,0.0,0.0,-0.1249,-0.1249,-0.1249,-0.1249,-0.1249,-0.1249,0.1324,0.0,0.0,0.0682,0.0,0.0,0.0,-0.1183,-0.0437,-0.1066,0.0,0.0,-0.1033,-0.1308,-0.1249,-0.1249,-0.1249,-0.1249
0.0,0.1352,0.0,0.0,0.0696,0.0,0.0,0.0,-0.0612,-0.0612,-0.0746,0.0,0.0,-0.1275,-0.1275,-0.1275,-0.1275,-0.1275,-0.1275,0.1352,0.0,0.0,0.0696,0.0,0.0,0.0,-0.1207,-0.0446,-0.1088,0.0,0.0,-0.1054,-0.1335,-0.1275,-0.1275,-0.1275,-0.1275
0.0,0.138,0.0,0.0,0.0711,0.0,0.0,0.0,-0.0625,-0.0625,-0.0761,0.0,0.0,-0.1302,-0.1302,-0.1302,-0.1302,-0.1302,-0.1302,0.138,0.0,0.0,0.0711,0.0,0.0,0.0,-0.1233,-0.0456,-0.1111,0.0,0.0,-0.1076,-0.1363,-0.1302,-0.1302,-0.1302,-0.1302
0.0,0.1408,0.0,0.0,0.0725,0.0,0.0,0.0,-0.0638,-0.0638,-0.0777,0.0,0.0,-0.1329,-0.1329,-0.1329,-0.1329,-0.1329,-0.1329,0.1408,0.0,0.0,0.0725,0.0,0.0,0.0,-0.1258,-0.0465,-0.1134,0.0,0.0,-0.1098,-0.1391,-0.1329,-0.1329,-0.1329,-0.1329
0.0,0.1437,0.0,0.0,0.074,0.0,0.0,0.0,-0.0651,-0.0651,-0.0793,0.0,0.0,-0.1356,-0.1356,-0.1356,-0.1356,-0.1356,-0.1356,0.1437,0.0,0.0,0.074,0.0,0.0,0.0,-0.1283,-0.0474,-0.1157,0.0,0.0,-0.1121,-0.1419,-0.1356,-0.1356,-0.1356,-0.1356
0.0,0.1466,0.0,0.0,0.0755,0.0,0.0,0.0,-0.0664,-0.0664,-0.0808,0.0,0.0,-0.1383,-0.1383,-0.1383,-0.1383,-0.1383,-0.1383,0.1466,0.0,0.0,0.0755,0.0,0.0,0.0,-0.1309,-0.0484,-0.118,0.0,0.0,-0.1143,-0.1447,-0.1383,-0.1383,-0.1383,-0.1383
0.0,0.1495,0.0,0.0,0.077,0.0,0.0,0.0,-0.0677,-0.0677,-0.0825,0.0,0.0,-0.141,-0.141,-0.141,-0.141,-0.141,-0.141,0.1495,0.0,0.0,0.077,0.0,0.0,0.0,-0.1335,-0.0494,-0.1203,0.0,0.0,-0.1166,-0.1476,-0.141,-0.141,-0.141,-0.141
0.0,0.1524,0.0,0.0,0.0785,0.0,0.0,0.0,-0.069,-0.069,-0.0841,0.0,0.0,-0.1438,-0.1438,-0.1438,-0.1438,-0.1438,-0.1438,0.1524,0.0,0.0,0.0785,0.0,0.0,0.0,-0.1361,-0.0503,-0.1227,0.0,0.0,-0.1189,-0.1505,-0.1438,-0.1438,-0.1438,-0.1438
0.0,0.1554,0.0,0.0,0.08,0.0,0.0,0.0,-0.0704,-0.0704,-0.0857,0.0,0.0,-0.1466,-0.1466,-0.1466,-0.1466,-0.1466,-0.1466,0.1554,0.0,0.0,0.08,0.0,0.0,0.0,-0.1388,-0.0513,-0.1251,0.0,0.0,-0.1212,-0.1534,-0.1466,-0.1466,-0.1466,-0.1466
0.0,0.1584,0.0,0.0,0.0816,0.0,0.0,0.0,-0.0717,-0.0717,-0.0873,0.0,0.0,-0.1494,-0.1494,-0.1494,-0.1494,-0.1494,-0.1494,0.1584,0.0,0.0,0.0816,0.0,0.0,0.0,-0.1414,-0.0523,-0.1275,0.0,0.0,-0.1235,-0.1564,-0.1494,-0.1494,-0.1494,-0.1494
0.0,0.1614,0.0,0.0,0.0831,0.0,0.0,0.0,-0.0731,-0.0731,-0.089,0.0,0.0,-0.1522,-0.1522,-0.1522,-0.1522,-0.1522,-0.1522,0.1614,0.0,0.0,0.0831,0.0,0.0,0.0,-0.1441,-0.0533,-0.1299,0.0,0.0,-0.1259,-0.1593,-0.1522,-0.1522,-0.1522,-0.1522
0.0,0.1644,0.0,0.0,0.0847,0.0,0.0,0.0,-0.0745,-0.0745,-0.0907,0.0,0.0,-0.1551,-0.1551,-0.1551,-0.1551,-0.1551,-0.1551,0.1644,0.0,0.0,0.0847,0.0,0.0,0.0,-0.1468,-0.0543,-0.1324,0.0,0.0,-0.1282,-0.1623,-0.1551,-0.1551,-0.1551,-0.1551
0.0,0.1675,0.0,0.0,0.0863,0.0,0.0,0.0,-0.0758,-0.0758,-0.0924,0.0,0.0,-0.158,-0.158,-0.158,-0.158,-0.158,-0.158,0.1675,0.0,0.0,0.0863,0.0,0.0,0.0,-0.1496,-0.0553,-0.1348,0.0,0.0,-0.1306,-0.1654,-0.158,-0.158,-0.158,-0.158
0.0,0.1706,0.0,0.0,0.0879,0.0,0.0,0.0,-0.0772,-0.0772,-0.0941,0.0,0.0,-0.1609,-0.1609,-0.1609,-0.1609,-0.1609,-0.1609,0.1706,0.0,0.0,0.0879,0.0,0.0,0.0,-0.1523,-0.0563,-0.1373,0.0,0.0,-0.133,-0.1684,-0.1609,-0.1609,-0.1609,-0.1609
0.0,0.1737,0.0,0.0,0.0895,0.0,0.0,0.0,-0.0786,-0.0786,-0.0958,0.0,0.0,-0.1638,-0.1638,-0.1638,-0.1638,-0.1638,-0.1638,0.1737,0.0,0.0,0.0895,0.0,0.0,0.0,-0.1551,-0.0573,-0.1398,0.0,0.0,-0.1354,-0.1715,-0.1638,-0.1638,-0.1638,-0.1638
0.0,0.1768,0.0,0.0,0.0911,0.0,0.0,0.0,-0.0801,-0.0801,-0.0975,0.0,0.0,-0.1668,-0.1668,-0.1668,-0.1668,-0.1668,-0.1668,0.1768,0.0,0.0,0.0911,0.0,0.0,0.0,-0.1579,-0.0584,-0.1423,0.0,0.0,-0.1379,-0.1746,-0.1668,-0.1668,-0.1668,-0.1668
0.0,0.18,0.0,0.0,0.0927,0.0,0.0,0.0,-0.0815,-0.0815,-0.0993,0.0,0.0,-0.1698,-0.1698,-0.1698,-0.1698,-0.1698,-0.1698,0.18,0.0,0.0,0.0927,0.0,0.0,0.0,-0.1607,-0.0594,-0.1449,0.0,0.0,-0.1403,-0.1777,-0.1698,-0.1698,-0.1698,-0.1698
0.0,0.1831,0.0,0.0,0.0943,0.0,0.0,0.0,-0.0829,-0.0829,-0.101,0.0,0.0,-0.1728,-0.1728,-0.1728,-0.1728,-0.1728,-0.1728,0.1831,0.0,0.0,0.0943,0.0,0.0,0.0,-0.1636,-0.0605,-0.1474,0.0,0.0,-0.1428,-0.1808,-0.1728,-0.1728,-0.1728,-0.1728
0.0,0.1864,0.0,0.0,0.096,0.0,0.0,0.0,-0.0844,-0.0844,-0.1028,0.0,0.0,-0.1758,-0.1758,-0.1758,-0.1758,-0.1758,-0.1758,0.1864,0.0,0.0,0.096,0.0,0.0,0.0,-0.1664,-0.0615,-0.15,0.0,0.0,-0.1453,-0.184,-0.1758,-0.1758,-0.1758,-0.1758
0.0,0.1896,0.0,0.0,0.0977,0.0,0.0,0.0,-0.0858,-0.0858,-0.1046,0.0,0.0,-0.1789,-0.1789,-0.1789,-0.1789,-0.1789,-0.1789,0.1896,0.0,0.0,0.0977,0.0,0.0,0.0,-0.1693,-0.0626,-0.1526,0.0,0.0,-0.1479,-0.1872,-0.1789,-0.1789,-0.1789,-0.1789
0.0,0.1928,0.0,0.0,0.0993,0.0,0.0,0.0,-0.0873,-0.0873,-0.1064,0.0,0.0,-0.1819,-0.1819,-0.1819,-0.1819,-0.1819,-0.1819,0.1928,0.0,0.0,0.0993,0.0,0.0,0.0,-0.1722,-0.0637,-0.1552,0.0,0.0,-0.1504,-0.1904,-0.1819,-0.1819,-0.1819,-0.1819
0.0,0.1961,0.0,0.0,0.101,0.0,0.0,0.0,-0.0888,-0.0888,-0.1082,0.0,0.0,-0.185,-0.185,-0.185,-0.185,-0.185,-0.185,0.1961,0.0,0.0,0.101,0.0,0.0,0.0,-0.1752,-0.0648,-0.1579,0.0,0.0,-0.1529,-0.1937,-0.185,-0.185,-0.185,-0.185
0.0,0.1994,0.0,0.0,0.1027,0.0,0.0,0.0,-0.0903,-0.0903,-0.11,0.0,0.0,-0.1881,-0.1881,-0.1881,-0.1881,-0.1881,-0.1881,0.1994,0.0,0.0,0.1027,0.0,0.0,0.0,-0.1781,-0.0658,-0.1605,0.0,0.0,-0.1555,-0.1969,-0.1881,-0.1881,-0.1881,-0.1881
0.0,0.2028,0.0,0.0,0.1044,0.0,0.0,0.0,-0.0918,-0.0918,-0.1118,0.0,0.0,-0.1913,-0.1913,-0.1913,-0.1913,-0.1913,-0.1913,0.2028,0.0,0.0,0.1044,0.0,0.0,0.0,-0.1811,-0.0669,-0.1632,0.0,0.0,-0.1581,-0.2002,-0.1913,-0.1913,-0.1913,-0.1913
0.0,0.2061,0.0,0.0,0.1062,0.0,0.0,0.0,-0.0933,-0.0933,-0.1137,0.0,0.0,-0.1944,-0.1944,-0.1944,-0.1944,-0.1944,-0.1944,0.2061,0.0,0.0,0.1062,0.0,0.0,0.0,-0.1841,-0.0681,-0.1659,0.0,0.0,-0.1607,-0.2035,-0.1944,-0.1944,-0.1944,-0.1944
0.0,0.2095,0.0,0.0,0.1079,0.0,0.0,0.0,-0.0949,-0.0949,-0.1155,0.0,0.0,-0.1976,-0.1976,-0.1976,-0.1976,-0.1976,-0.1976,0.2095,0.0,0.0,0.1079,0.0,0.0,0.0,-0.1871,-0.0692,-0.1686,0.0,0.0,-0.1634,-0.2068,-0.1976,-0.1976,-0.1976,-0.1976
0.0,0.2129,0.0,0.0,0.1096,0.0,0.0,0.0,-0.0964,-0.0964,-0.1174,0.0,0.0,-0.2008,-0.2008,-0.2008,-0.2008,-0.2008,-0.2008,0.2129,0.0,0.0,0.1096,0.0,0.0,0.0,-0.1901,-0.0703,-0.1714,0.0,0.0,-0.166,-0.2102,-0.2008,-0.2008,-0.2008,-0.2008
0.0,0.2163,0.0,0.0,0.1114,0.0,0.0,0.0,-0.0979,-0.0979,-0.1193,0.0,0.0,-0.204,-0.204,-0.204,-0.204,-0.204,-0.204,0.2163,0.0,0.0,0.1114,0.0,0.0,0.0,-0.1932,-0.0714,-0.1741,0.0,0.0,-0.1687,-0.2136,-0.204,-0.204,-0.204,-0.204
0.0,0.2197,0.0,0.0,0.1132,0.0,0.0,0.0,-0.0995,-0.0995,-0.1212,0.0,0.0,-0.2073,-0.2073,-0.2073,-0.2073,-0.2073,-0.2073,0.2197,0.0,0.0,0.1132,0.0,0.0,0.0,-0.1962,-0.0726,-0.1769,0.0,0.0,-0.1714,-0.217,-0.2073,-0.2073,-0.2073,-0.2073
0.0,0.2232,0.0,0.0,0.115,0.0,0.0,0.0,-0.1011,-0.1011,-0.1231,0.0,0.0,-0.2106,-0.2106,-0.2106,-0.2106,-0.2106,-0.2106,0.2232,0.0,0.0,0.115,0.0,0.0,0.0,-0.1993,-0.0737,-0.1797,0.0,0.0,-0.1741,-0.2204,-0.2106,-0.2106,-0.2106,-0.2106
0.0,0.2267,0.0,0.0,0.1168,0.0,0.0,0.0,-0.1027,-0.1027,-0.125,0.0,0.0,-0.2139,-0.2139,-0.2139,-0.2139,-0.2139,-0.2139,0.2267,0.0,0.0,0.1168,0.0,0.0,0.0,-0.2025,-0.0749,-0.1825,0.0,0.0,-0.1768,-0.2238,-0.2139,-0.2139,-0.2139,-0.2139
0.0,0.2302,0.0,0.0,0.1186,0.0,0.0,0.0,-0.1042,-0.1042,-0.127,0.0,0.0,-0.2172,-0.2172,-0.2172,-0.2172,-0.2172,-0.2172,0.2302,0.0,0.0,0.1186,0.0,0.0,0.0,-0.2056,-0.076,-0.1853,0.0,0.0,-0.1795,-0.2273,-0.2172,-0.2172,-0.2172,-0.2172
0.0,0.2337,0.0,0.0,0.1204,0.0,0.0,0.0,-0.1058,-0.1058,-0.1289,0.0,0.0,-0.2205,-0.2205,-0.2205,-0.2205,-0.2205,-0.2205,0.2337,0.0,0.0,0.1204,0.0,0.0,0.0,-0.2087,-0.0772,-0.1882,0.0,0.0,-0.1823,-0.2308,-0.2205,-0.2205,-0.2205,-0.2205
0.0,0.2373,0.0,0.0,0.1222,0.0,0.0,0.0,-0.1075,-0.1075,-0.1309,0.0,0.0,-0.2239,-0.2239,-0.2239,-0.2239,-0.2239,-0.2239,0.2373,0.0,0.0,0.1222,0.0,0.0,0.0,-0.2119,-0.0784,-0.191,0.0,0.0,-0.1851,-0.2343,-0.2239,-0.2239,-0.2239,-0.2239
0.0,0.2409,0.0,0.0,0.1241,0.0,0.0,0.0,-0.1091,-0.1091,-0.1329,0.0,0.0,-0.2272,-0.2272,-0.2272,-0.2272,-0.2272,-0.2272,0.2409,0.0,0.0,0.1241,0.0,0.0,0.0,-0.2151,-0.0795,-0.1939,0.0,0.0,-0.1878,-0.2378,-0.2272,-0.2272,-0.2272,-0.2272
0.0,0.2445,0.0,0.0,0.1259,0.0,0.0,0.0,-0.1107,-0.1107,-0.1348,0.0,0.0,-0.2306,-0.2306,-0.2306,-0.2306,-0.2306,-0.2306,0.2445,0.0,0.0,0.1259,0.0,0.0,0.0,-0.2183,-0.0807,-0.1968,0.0,0.0,-0.1907,-0.2414,-0.2306,-0.2306,-0.2306,-0.2306
0.0,0.2481,0.0,0.0,0.1278,0.0,0.0,0.0,-0.1123,-0.1123,-0.1368,0.0,0.0,-0.234,-0.234,-0.234,-0.234,-0.234,-0.234,0.2481,0.0,0.0,0.1278,0.0,0.0,0.0,-0.2216,-0.0819,-0.1997,0.0,0.0,-0.1935,-0.245,-0.234,-0.234,-0.234,-0.234
0.0,0.2517,0.0,0.0,0.1297,0.0,0.0,0.0,-0.114,-0.114,-0.1388,0.0,0.0,-0.2375,-0.2375,-0.2375,-0.2375,-0.2375,-0.2375,0.2517,0.0,0.0,0.1297,0.0,0.0,0.0,-0.2248,-0.0831,-0.2027,0.0,0.0,-0.1963,-0.2486,-0.2375,-0.2375,-0.2375,-0.2375
0.0,0.2554,0.0,0.0,0.1316,0.0,0.0,0.0,-0.1157,-0.1157,-0.1409,0.0,0.0,-0.2409,-0.2409,-0.2409,-0.2409,-0.2409,-0.2409,0.2554,0.0,0.0,0.1316,0.0,0.0,0.0,-0.2281,-0.0843,-0.2056,0.0,0.0,-0.1992,-0.2522,-0.2409,-0.2409,-0.2409,-0.2409
0.0,0.2591,0.0,0.0,0.1335,0.0,0.0,0.0,-0.1173,-0.1173,-0.1429,0.0,0.0,-0.2444,-0.2444,-0.2444,-0.2444,-0.2444,-0.2444,0.2591,0.0,0.0,0.1335,0.0,0.0,0.0,-0.2314,-0.0855,-0.2086,0.0,0.0,-0.2021,-0.2558,-0.2444,-0.2444,-0.2444,-0.2444
0.0,0.2628,0.0,0.0,0.1354,0.0,0.0,0.0,-0.119,-0.119,-0.1449,0.0,0.0,-0.2479,-0.2479,-0.2479,-0.2479,-0.2479,-0.2479,0.2628,0.0,0.0,0.1354,0.0,0.0,0.0,-0.2347,-0.0868,-0.2116,0.0,0.0,-0.2049,-0.2595,-0.2479,-0.2479,-0.2479,-0.2479
0.0,0.2665,0.0,0.0,0.1373,0.0,0.0,0.0,-0.1207,-0.1207,-0.147,0.0,0.0,-0.2514,-0.2514,-0.2514,-0.2514,-0.2514,-0.2514,0.2665,0.0,0.0,0.1373,0.0,0.0,0.0,-0.238,-0.088,-0.2146,0.0,0.0,-0.2079,-0.2632,-0.2514,-0.2514,-0.2514,-0.2514
0.0,0.2703,0.0,0.0,0.1392,0.0,0.0,0.0,-0.1224,-0.1224,-0.1491,0.0,0.0,-0.255,-0.255,-0.255,-0.255,-0.255,-0.255,0.2703,0.0,0.0,0.1392,0.0,0.0,0.0,-0.2414,-0.0892,-0.2176,0.0,0.0,-0.2108,-0.2669,-0.255,-0.255,-0.255,-0.255
0.0,0.274,0.0,0.0,0.1412,0.0,0.0,0.0,-0.1241,-0.1241,-0.1512,0.0,0.0,-0.2585,-0.2585,-0.2585,-0.2585,-0.2585,-0.2585,0.274,0.0,0.0,0.1412,0.0,0.0,0.0,-0.2447,-0.0905,-0.2206,0.0,0.0,-0.2137,-0.2706,-0.2585,-0.2585,-0.2585,-0.2585
0.0,0.2778,0.0,0.0,0.1431,0.0,0.0,0.0,-0.1258,-0.1258,-0.1532,0.0,0.0,-0.2621,-0.2621,-0.2621,-0.2621,-0.2621,-0.2621,0.2778,0.0,0.0,0.1431,0.0,0.0,0.0,-0.2481,-0.0917,-0.2237,0.0,0.0,-0.2167,-0.2743,-0.2621,-0.2621,-0.2621,-0.2621
0.0,0.2816,0.0,0.0,0.1451,0.0,0.0,0.0,-0.1275,-0.1275,-0.1553,0.0,0.0,-0.2657,-0.2657,-0.2657,-0.2657,-0.2657,-0.2657,0.2816,0.0,0.0,0.1451,0.0,0.0,0.0,-0.2515,-0.093,-0.2267,0.0,0.0,-0.2196,-0.2781,-0.2657,-0.2657,-0.2657,-0.2657
0.0,0.2855,0.0,0.0,0.147,0.0,0.0,0.0,-0.1293,-0.1293,-0.1575,0.0,0.0,-0.2693,-0.2693,-0.2693,-0.2693,-0.2693,-0.2693,0.2855,0.0,0.0,0.147,0.0,0.0,0.0,-0.255,-0.0943,-0.2298,0.0,0.0,-0.2226,-0.2819,-0.2693,-0.2693,-0.2693,-0.2693
0.0,0.2893,0.0,0.0,0.149,0.0,0.0,0.0,-0.131,-0.131,-0.1596,0.0,0.0,-0.273,-0.273,-0.273,-0.273,-0.273,-0.273,0.2893,0.0,0.0,0.149,0.0,0.0,0.0,-0.2584,-0.0955,-0.2329,0.0,0.0,-0.2256,-0.2857,-0.273,-0.273,-0.273,-0.273
0.0,0.2932,0.0,0.0,0.151,0.0,0.0,0.0,-0.1328,-0.1328,-0.1617,0.0,0.0,-0.2766,-0.2766,-0.2766,-0.2766,-0.2766,-0.2766,0.2932,0.0,0.0,0.151,0.0,0.0,0.0,-0.2619,-0.0968,-0.236,0.0,0.0,-0.2287,-0.2895,-0.2766,-0.2766,-0.2766,-0.2766
0.0,0.2971,0.0,0.0,0.153,0.0,0.0,0.0,-0.1345,-0.1345,-0.1639,0.0,0.0,-0.2803,-0.2803,-0.2803,-0.2803,-0.2803,-0.2803,0.2971,0.0,0.0,0.153,0.0,0.0,0.0,-0.2653,-0.0981,-0.2392,0.0,0.0,-0.2317,-0.2934,-0.2803,-0.2803,-0.2803,-0.2803
0.0,0.301,0.0,0.0,0.155,0.0,0.0,0.0,-0.1363,-0.1363,-0.166,0.0,0.0,-0.284,-0.284,-0.284,-0.284,-0.284,-0.284,0.301,0.0,0.0,0.155,0.0,0.0,0.0,-0.2688,-0.0994,-0.2423,0.0,0.0,-0.2347,-0.2972,-0.284,-0.284,-0.284,-0.284
0.0,0.3049,0.0,0.0,0.1571,0.0,0.0,0.0,-0.1381,-0.1381,-0.1682,0.0,0.0,-0.2877,-0.2877,-0.2877,-0.2877,-0.2877,-0.2877,0.3049,0.0,0.0,0.1571,0.0,0.0,0.0,-0.2723,-0.1007,-0.2455,0.0,0.0,-0.2378,-0.3011,-0.2877,-0.2877,-0.2877,-0.2877
0.0,0.3089,0.0,0.0,0.1591,0.0,0.0,0.0,-0.1399,-0.1399,-0.1704,0.0,0.0,-0.2914,-0.2914,-0.2914,-0.2914,-0.2914,-0.2914,0.3089,0.0,0.0,0.1591,0.0,0.0,0.0,-0.2759,-0.102,-0.2487,0.0,0.0,-0.2409,-0.305,-0.2914,-0.2914,-0.2914,-0.2914
0.0,0.3129,0.0,0.0,0.1612,0.0,0.0,0.0,-0.1417,-0.1417,-0.1726,0.0,0.0,-0.2951,-0.2951,-0.2951,-0.2951,-0.2951,-0.2951,0.3129,0.0,0.0,0.1612,0.0,0.0,0.0,-0.2794,-0.1033,-0.2519,0.0,0.0,-0.244,-0.3089,-0.2951,-0.2951,-0.2951,-0.2951
0.0,0.3168,0.0,0.0,0.1632,0.0,0.0,0.0,-0.1435,-0.1435,-0.1748,0.0,0.0,-0.2989,-0.2989,-0.2989,-0.2989,-0.2989,-0.2989,0.3168,0.0,0.0,0.1632,0.0,0.0,0.0,-0.283,-0.1046,-0.2551,0.0,0.0,-0.2471,-0.3129,-0.2989,-0.2989,-0.2989,-0.2989
0.0,0.3209,0.0,0.0,0.1653,0.0,0.0,0.0,-0.1453,-0.1453,-0.177,0.0,0.0,-0.3027,-0.3027,-0.3027,-0.3027,-0.3027,-0.3027,0.3209,0.0,0.0,0.1653,0.0,0.0,0.0,-0.2865,-0.1059,-0.2583,0.0,0.0,-0.2502,-0.3168,-0.3027,-0.3027,-0.3027,-0.3027
0.0,0.3249,0.0,0.0,0.1673,0.0,0.0,0.0,-0.1471,-0.1471,-0.1792,0.0,0.0,-0.3065,-0.3065,-0.3065,-0.3065,-0.3065,-0.3065,0.3249,0.0,0.0,0.1673,0.0,0.0,0.0,-0.2901,-0.1073,-0.2615,0.0,0.0,-0.2534,-0.3208,-0.3065,-0.3065,-0.3065,-0.3065
0.0,0.3289,0.0,0.0,0.1694,0.0,0.0,0.0,-0.1489,-0.1489,-0.1814,0.0,0.0,-0.3103,-0.3103,-0.3103,-0.3103,-0.3103,-0.3103,0.3289,0.0,0.0,0.1694,0.0,0.0,0.0,-0.2938,-0.1086,-0.2648,0.0,0.0,-0.2565,-0.3248,-0.3103,-0.3103,-0.3103,-0.3103
0.0,0.333,0.0,0.0,0.1715,0.0,0.0,0.0,-0.1508,-0.1508,-0.1837,0.0,0.0,-0.3141,-0.3141,-0.3141,-0.3141,-0.3141,-0.3141,0.333,0.0,0.0,0.1715,0.0,0.0,0.0,-0.2974,-0.1099,-0.2681,0.0,0.0,-0.2597,-0.3288,-0.3141,-0.3141,-0.3141,-0.3141
0.0,0.3371,0.0,0.0,0.1736,0.0,0.0,0.0,-0.1526,-0.1526,-0.1859,0.0,0.0,-0.318,-0.318,-0.318,-0.318,-0.318,-0.318,0.3371,0.0,0.0,0.1736,0.0,0.0,0.0,-0.301,-0.1113,-0.2714,0.0,0.0,-0.2629,-0.3328,-0.318,-0.318,-0.318,-0.318
0.0,0.3412,0.0,0.0,0.1757,0.0,0.0,0.0,-0.1545,-0.1545,-0.1882,0.0,0.0,-0.3219,-0.3219,-0.3219,-0.3219,-0.3219,-0.3219,0.3412,0.0,0.0,0.1757,0.0,0.0,0.0,-0.3047,-0.1127,-0.2747,0.0,0.0,-0.2661,-0.3369,-0.3219,-0.3219,-0.3219,-0.3219
0.0,0.3453,0.0,0.0,0.1779,0.0,0.0,0.0,-0.1564,-0.1564,-0.1905,0.0,0.0,-0.3257,-0.3257,-0.3257,-0.3257,-0.3257,-0.3257,0.3453,0.0,0.0,0.1779,0.0,0.0,0.0,-0.3084,-0.114,-0.278,0.0,0.0,-0.2693,-0.3409,-0.3257,-0.3257,-0.3257,-0.3257
0.0,0.3494,0.0,0.0,0.18,0.0,0.0,0.0,-0.1582,-0.1582,-0.1927,0.0,0.0,-0.3296,-0.3296,-0.3296,-0.3296,-0.3296,-0.3296,0.3494,0.0,0.0,0.18,0.0,0.0,0.0,-0.3121,-0.1154,-0.2813,0.0,0.0,-0.2725,-0.345,-0.3296,-0.3296,-0.3296,-0.3296
0.0,0.3536,0.0,0.0,0.1821,0.0,0.0,0.0,-0.1601,-0.1601,-0.195,0.0,0.0,-0.3336,-0.3336,-0.3336,-0.3336,-0.3336,-0.3336,0.3536,0.0,0.0,0.1821,0.0,0.0,0.0,-0.3158,-0.1167,-0.2846,0.0,0.0,-0.2757,-0.3491,-0.3336,-0.3336,-0.3336,-0.3336
0.0,0.3578,0.0,0.0,0.1843,0.0,0.0,0.0,-0.162,-0.162,-0.1973,0.0,0.0,-0.3375,-0.3375,-0.3375,-0.3375,-0.3375,-0.3375,0.3578,0.0,0.0,0.1843,0.0,0.0,0.0,-0.3195,-0.1181,-0.288,0.0,0.0,-0.279,-0.3533,-0.3375,-0.3375,-0.3375,-0.3375
0.0,0.3619,0.0,0.0,0.1864,0.0,0.0,0.0,-0.1639,-0.1639,-0.1996,0.0,0.0,-0.3415,-0.3415,-0.3415,-0.3415,-0.3415,-0.3415,0.3619,0.0,0.0,0.1864,0.0,0.0,0.0,-0.3232,-0.1195,-0.2914,0.0,0.0,-0.2823,-0.3574,-0.3415,-0.3415,-0.3415,-0.3415
0.0,0.3661,0.0,0.0,0.1886,0.0,0.0,0.0,-0.1658,-0.1658,-0.202,0.0,0.0,-0.3454,-0.3454,-0.3454,-0.3454,-0.3454,-0.3454,0.3661,0.0,0.0,0.1886,0.0,0.0,0.0,-0.327,-0.1209,-0.2948,0.0,0.0,-0.2855,-0.3615,-0.3454,-0.3454,-0.3454,-0.3454
0.0,0.3704,0.0,0.0,0.1908,0.0,0.0,0.0,-0.1677,-0.1677,-0.2043,0.0,0.0,-0.3494,-0.3494,-0.3494,-0.3494,-0.3494,-0.3494,0.3704,0.0,0.0,0.1908,0.0,0.0,0.0,-0.3308,-0.1223,-0.2982,0.0,0.0,-0.2888,-0.3657,-0.3494,-0.3494,-0.3494,-0.3494
0.0,0.3746,0.0,0.0,0.193,0.0,0.0,0.0,-0.1696,-0.1696,-0.2066,0.0,0.0,-0.3534,-0.3534,-0.3534,-0.3534,-0.3534,-0.3534,0.3746,0.0,0.0,0.193,0.0,0.0,0.0,-0.3346,-0.1237,-0.3016,0.0,0.0,-0.2921,-0.3699,-0.3534,-0.3534,-0.3534,-0.3534
0.0,0.3789,0.0,0.0,0.1952,0.0,0.0,0.0,-0.1716,-0.1716,-0.209,0.0,0.0,-0.3574,-0.3574,-0.3574,-0.3574,-0.3574,-0.3574,0.3789,0.0,0.0,0.1952,0.0,0.0,0.0,-0.3384,-0.1251,-0.305,0.0,0.0,-0.2955,-0.3741,-0.3574,-0.3574,-0.3574,-0.3574
0.0,0.3831,0.0,0.0,0.1974,0.0,0.0,0.0,-0.1735,-0.1735,-0.2113,0.0,0.0,-0.3615,-0.3615,-0.3615,-0.3615,-0.3615,-0.3615,0.3831,0.0,0.0,0.1974,0.0,0.0,0.0,-0.3422,-0.1265,-0.3084,0.0,0.0,-0.2988,-0.3783,-0.3615,-0.3615,-0.3615,-0.3615
0.0,0.3874,0.0,0.0,0.1996,0.0,0.0,0.0,-0.1754,-0.1754,-0.2137,0.0,0.0,-0.3655,-0.3655,-0.3655,-0.3655,-0.3655,-0.3655,0.3874,0.0,0.0,0.1996,0.0,0.0,0.0,-0.346,-0.1279,-0.3119,0.0,0.0,-0.3021,-0.3826,-0.3655,-0.3655,-0.3655,-0.3655
0.0,0.3917,0.0,0.0,0.2018,0.0,0.0,0.0,-0.1774,-0.1774,-0.2161,0.0,0.0,-0.3696,-0.3696,-0.3696,-0.3696,-0.3696,-0.3696,0.3917,0.0,0.0,0.2018,0.0,0.0,0.0,-0.3499,-0.1293,-0.3154,0.0,0.0,-0.3055,-0.3868,-0.3696,-0.3696,-0.3696,-0.3696
0.0,0.3961,0.0,0.0,0.204,0.0,0.0,0.0,-0.1793,-0.1793,-0.2185,0.0,0.0,-0.3736,-0.3736,-0.3736,-0.3736,-0.3736,-0.3736,0.3961,0.0,0.0,0.204,0.0,0.0,0.0,-0.3537,-0.1308,-0.3188,0.0,0.0,-0.3089,-0.3911,-0.3736,-0.3736,-0.3736,-0.3736
0.0,0.4004,0.0,0.0,0.2062,0.0,0.0,0.0,-0.1813,-0.1813,-0.2208,0.0,0.0,-0.3777,-0.3777,-0.3777,-0.3777,-0.3777,-0.3777,0.4004,0.0,0.0,0.2062,0.0,0.0,0.0,-0.3576,-0.1322,-0.3223,0.0,0.0,-0.3123,-0.3954,-0.3777,-0.3777,-0.3777,-0.3777
0.0,0.4047,0.0,0.0,0.2085,0.0,0.0,0.0,-0.1833,-0.1833,-0.2232,0.0,0.0,-0.3818,-0.3818,-0.3818,-0.3818,-0.3818,-0.3818,0.4047,0.0,0.0,0.2085,0.0,0.0,0.0,-0.3615,-0.1336,-0.3258,0.0,0.0,-0.3157,-0.3997,-0.3818,-0.3818,-0.3818,-0.3818
0.0,0.4091,0.0,0.0,0.2107,0.0,0.0,0.0,-0.1853,-0.1853,-0.2257,0.0,0.0,-0.386,-0.386,-0.386,-0.386,-0.386,-0.386,0.4091,0.0,0.0,0.2107,0.0,0.0,0.0,-0.3654,-0.1351,-0.3293,0.0,0.0,-0.3191,-0.404,-0.386,-0.386,-0.386,-0.386
0.0,0.4135,0.0,0.0,0.213,0.0,0.0,0.0,-0.1872,-0.1872,-0.2281,0.0,0.0,-0.3901,-0.3901,-0.3901,-0.3901,-0.3901,-0.3901,0.4135,0.0,0.0,0.213,0.0,0.0,0.0,-0.3693,-0.1365,-0.3329,0.0,0.0,-0.3225,-0.4083,-0.3901,-0.3901,-0.3901,-0.3901
0.0,0.4179,0.0,0.0,0.2153,0.0,0.0,0.0,-0.1892,-0.1892,-0.2305,0.0,0.0,-0.3942,-0.3942,-0.3942,-0.3942,-0.3942,-0.3942,0.4179,0.0,0.0,0.2153,0.0,0.0,0.0,-0.3732,-0.138,-0.3364,0.0,0.0,-0.3259,-0.4126,-0.3942,-0.3942,-0.3942,-0.3942
0.0,0.4223,0.0,0.0,0.2175,0.0,0.0,0.0,-0.1912,-0.1912,-0.2329,0.0,0.0,-0.3984,-0.3984,-0.3984,-0.3984,-0.3984,-0.3984,0.4223,0.0,0.0,0.2175,0.0,0.0,0.0,-0.3772,-0.1394,-0.34,0.0,0.0,-0.3293,-0.417,-0.3984,-0.3984,-0.3984,-0.3984
0.0,0.4267,0.0,0.0,0.2198,0.0,0.0,0.0,-0.1932,-0.1932,-0.2354,0.0,0.0,-0.4026,-0.4026,-0.4026,-0.4026,-0.4026,-0.4026,0.4267,0.0,0.0,0.2198,0.0,0.0,0.0,-0.3811,-0.1409,-0.3435,0.0,0.0,-0.3328,-0.4214,-0.4026,-0.4026,-0.4026,-0.4026
0.0,0.4312,0.0,0.0,0.2221,0.0,0.0,0.0,-0.1953,-0.1953,-0.2378,0.0,0.0,-0.4068,-0.4068,-0.4068,-0.4068,-0.4068,-0.4068,0.4312,0.0,0.0,0.2221,0.0,0.0,0.0,-0.3851,-0.1424,-0.3471,0.0,0.0,-0.3363,-0.4258,-0.4068,-0.4068,-0.4068,-0.4068
0.0,0.4356,0.0,0.0,0.2244,0.0,0.0,0.0,-0.1973,-0.1973,-0.2403,0.0,0.0,-0.411,-0.411,-0.411,-0.411,-0.411,-0.411,0.4356,0.0,0.0,0.2244,0.0,0.0,0.0,-0.3891,-0.1438,-0.3507,0.0,0.0,-0.3397,-0.4302,-0.411,-0.411,-0.411,-0.411
0.0,0.4401,0.0,0.0,0.2267,0.0,0.0,0.0,-0.1993,-0.1993,-0.2428,0.0,0.0,-0.4152,-0.4152,-0.4152,-0.4152,-0.4152,-0.4152,0.4401,0.0,0.0,0.2267,0.0,0.0,0.0,-0.3931,-0.1453,-0.3543,0.0,0.0,-0.3432,-0.4346,-0.4152,-0.4152,-0.4152,-0.4152
0.0,0.4446,0.0,0.0,0.229,0.0,0.0,0.0,-0.2013,-0.2013,-0.2452,0.0,0.0,-0.4194,-0.4194,-0.4194,-0.4194,-0.4194,-0.4194,0.4446,0.0,0.0,0.229,0.0,0.0,0.0,-0.3971,-0.1468,-0.3579,0.0,0.0,-0.3467,-0.439,-0.4194,-0.4194,-0.4194,-0.4194
0.0,0.4491,0.0,0.0,0.2313,0.0,0.0,0.0,-0.2034,-0.2034,-0.2477,0.0,0.0,-0.4237,-0.4237,-0.4237,-0.4237,-0.4237,-0.4237,0.4491,0.0,0.0,0.2313,0.0,0.0,0.0,-0.4011,-0.1483,-0.3615,0.0,0.0,-0.3502,-0.4434,-0.4237,-0.4237,-0.4237,-0.4237
0.0,0.4536,0.0,0.0,0.2337,0.0,0.0,0.0,-0.2054,-0.2054,-0.2502,0.0,0.0,-0.4279,-0.4279,-0.4279,-0.4279,-0.4279,-0.4279,0.4536,0.0,0.0,0.2337,0.0,0.0,0.0,-0.4051,-0.1498,-0.3652,0.0,0.0,-0.3538,-0.4479,-0.4279,-0.4279,-0.4279,-0.4279
0.0,0.4581,0.0,0.0,0.236,0.0,0.0,0.0,-0.2075,-0.2075,-0.2527,0.0,0.0,-0.4322,-0.4322,-0.4322,-0.4322,-0.4322,-0.4322,0.4581,0.0,0.0,0.236,0.0,0.0,0.0,-0.4092,-0.1513,-0.3688,0.0,0.0,-0.3573,-0.4524,-0.4322,-0.4322,-0.4322,-0.4322
0.0,0.4627,0.0,0.0,0.2383,0.0,0.0,0.0,-0.2095,-0.2095,-0.2552,0.0,0.0,-0.4365,-0.4365,-0.4365,-0.4365,-0.4365,-0.4365,0.4627,0.0,0.0,0.2383,0.0,0.0,0.0,-0.4132,-0.1528,-0.3725,0.0,0.0,-0.3608,-0.4569,-0.4365,-0.4365,-0.4365,-0.4365
0.0,0.4672,0.0,0.0,0.2407,0.0,0.0,0.0,-0.2116,-0.2116,-0.2577,0.0,0.0,-0.4408,-0.4408,-0.4408,-0.4408,-0.4408,-0.4408,0.4672,0.0,0.0,0.2407,0.0,0.0,0.0,-0.4173,-0.1543,-0.3761,0.0,0.0,-0.3644,-0.4614,-0.4408,-0.4408,-0.4408,-0.4408
0.0,0.4718,0.0,0.0,0.243,0.0,0.0,0.0,-0.2136,-0.2136,-0.2602,0.0,0.0,-0.4451,-0.4451,-0.4451,-0.4451,-0.4451,-0.4451,0.4718,0.0,0.0,0.243,0.0,0.0,0.0,-0.4214,-0.1558,-0.3798,0.0,0.0,-0.3679,-0.4659,-0.4451,-0.4451,-0.4451,-0.4451
0.0,0.4764,0.0,0.0,0.2454,0.0,0.0,0.0,-0.2157,-0.2157,-0.2628,0.0,0.0,-0.4494,-0.4494,-0.4494,-0.4494,-0.4494,-0.4494,0.4764,0.0,0.0,0.2454,0.0,0.0,0.0,-0.4254,-0.1573,-0.3835,0.0,0.0,-0.3715,-0.4704,-0.4494,-0.4494,-0.4494,-0.4494
0.0,0.481,0.0,0.0,0.2477,0.0,0.0,0.0,-0.2178,-0.2178,-0.2653,0.0,0.0,-0.4537,-0.4537,-0.4537,-0.4537,-0.4537,-0.4537,0.481,0.0,0.0,0.2477,0.0,0.0,0.0,-0.4295,-0.1588,-0.3872,0.0,0.0,-0.3751,-0.4749,-0.4537,-0.4537,-0.4537,-0.4537
0.0,0.4856,0.0,0.0,0.2501,0.0,0.0,0.0,-0.2199,-0.2199,-0.2678,0.0,0.0,-0.4581,-0.4581,-0.4581,-0.4581,-0.4581,-0.4581,0.4856,0.0,0.0,0.2501,0.0,0.0,0.0,-0.4337,-0.1603,-0.3909,0.0,0.0,-0.3787,-0.4795,-0.4581,-0.4581,-0.4581,-0.4581
0.0,0.4902,0.0,0.0,0.2525,0.0,0.0,0.0,-0.222,-0.222,-0.2704,0.0,0.0,-0.4624,-0.4624,-0.4624,-0.4624,-0.4624,-0.4624,0.4902,0.0,0.0,0.2525,0.0,0.0,0.0,-0.4378,-0.1619,-0.3946,0.0,0.0,-0.3823,-0.484,-0.4624,-0.4624,-0.4624,-0.4624
0.0,0.4948,0.0,0.0,0.2549,0.0,0.0,0.0,-0.2241,-0.2241,-0.2729,0.0,0.0,-0.4668,-0.4668,-0.4668,-0.4668,-0.4668,-0.4668,0.4948,0.0,0.0,0.2549,0.0,0.0,0.0,-0.4419,-0.1634,-0.3983,0.0,0.0,-0.3859,-0.4886,-0.4668,-0.4668,-0.4668,-0.4668
0.0,0.4995,0.0,0.0,0.2573,0.0,0.0,0.0,-0.2262,-0.2262,-0.2755,0.0,0.0,-0.4712,-0.4712,-0.4712,-0.4712,-0.4712,-0.4712,0.4995,0.0,0.0,0.2573,0.0,0.0,0.0,-0.4461,-0.1649,-0.4021,0.0,0.0,-0.3895,-0.4932,-0.4712,-0.4712,-0.4712,-0.4712
0.0,0.5041,0.0,0.0,0.2597,0.0,0.0,0.0,-0.2283,-0.2283,-0.2781,0.0,0.0,-0.4756,-0.4756,-0.4756,-0.4756,-0.4756,-0.4756,0.5041,0.0,0.0,0.2597,0.0,0.0,0.0,-0.4502,-0.1665,-0.4058,0.0,0.0,-0.3931,-0.4978,-0.4756,-0.4756,-0.4756,-0.4756
0.0,0.5088,0.0,0.0,0.2621,0.0,0.0,0.0,-0.2304,-0.2304,-0.2806,0.0,0.0,-0.48,-0.48,-0.48,-0.48,-0.48,-0.48,0.5088,0.0,0.0,0.2621,0.0,0.0,0.0,-0.4544,-0.168,-0.4096,0.0,0.0,-0.3968,-0.5024,-0.48,-0.48,-0.48,-0.48
0.0,0.5134,0.0,0.0,0.2645,0.0,0.0,0.0,-0.2325,-0.2325,-0.2832,0.0,0.0,-0.4844,-0.4844,-0.4844,-0.4844,-0.4844,-0.4844,0.5134,0.0,0.0,0.2645,0.0,0.0,0.0,-0.4586,-0.1695,-0.4133,0.0,0.0,-0.4004,-0.507,-0.4844,-0.4844,-0.4844,-0.4844
0.0,0.5181,0.0,0.0,0.2669,0.0,0.0,0.0,-0.2346,-0.2346,-0.2858,0.0,0.0,-0.4888,-0.4888,-0.4888,-0.4888,-0.4888,-0.4888,0.5181,0.0,0.0,0.2669,0.0,0.0,0.0,-0.4627,-0.1711,-0.4171,0.0,0.0,-0.4041,-0.5116,-0.4888,-0.4888,-0.4888,-0.4888
0.0,0.5228,0.0,0.0,0.2693,0.0,0.0,0.0,-0.2368,-0.2368,-0.2884,0.0,0.0,-0.4932,-0.4932,-0.4932,-0.4932,-0.4932,-0.4932,0.5228,0.0,0.0,0.2693,0.0,0.0,0.0,-0.4669,-0.1726,-0.4209,0.0,0.0,-0.4077,-0.5163,-0.4932,-0.4932,-0.4932,-0.4932
0.0,0.5275,0.0,0.0,0.2717,0.0,0.0,0.0,-0.2389,-0.2389,-0.291,0.0,0.0,-0.4977,-0.4977,-0.4977,-0.4977,-0.4977,-0.4977,0.5275,0.0,0.0,0.2717,0.0,0.0,0.0,-0.4711,-0.1742,-0.4247,0.0,0.0,-0.4114,-0.5209,-0.4977,-0.4977,-0.4977,-0.4977
0.0,0.5323,0.0,0.0,0.2742,0.0,0.0,0.0,-0.241,-0.241,-0.2936,0.0,0.0,-0.5021,-0.5021,-0.5021,-0.5021,-0.5021,-0.5021,0.5323,0.0,0.0,0.2742,0.0,0.0,0.0,-0.4754,-0.1757,-0.4285,0.0,0.0,-0.4151,-0.5256,-0.5021,-0.5021,-0.5021,-0.5021
0.0,0.537,0.0,0.0,0.2766,0.0,0.0,0.0,-0.2432,-0.2432,-0.2962,0.0,0.0,-0.5066,-0.5066,-0.5066,-0.5066,-0.5066,-0.5066,0.537,0.0,0.0,0.2766,0.0,0.0,0.0,-0.4796,-0.1773,-0.4323,0.0,0.0,-0.4188,-0.5302,-0.5066,-0.5066,-0.5066,-0.5066
0.0,0.5417,0.0,0.0,0.279,0.0,0.0,0.0,-0.2453,-0.2453,-0.2988,0.0,0.0,-0.5111,-0.5111,-0.5111,-0.5111,-0.5111,-0.5111,0.5417,0.0,0.0,0.279,0.0,0.0,0.0,-0.4838,-0.1789,-0.4361,0.0,0.0,-0.4225,-0.5349,-0.5111,-0.5111,-0.5111,-0.5111
0.0,0.5465,0.0,0.0,0.2815,0.0,0.0,0.0,-0.2475,-0.2475,-0.3014,0.0,0.0,-0.5155,-0.5155,-0.5155,-0.5155,-0.5155,-0.5155,0.5465,0.0,0.0,0.2815,0.0,0.0,0.0,-0.488,-0.1804,-0.4399,0.0,0.0,-0.4262,-0.5396,-0.5155,-0.5155,-0.5155,-0.5155
0.0,0.5512,0.0,0.0,0.2839,0.0,0.0,0.0,-0.2496,-0.2496,-0.304,0.0,0.0,-0.52,-0.52,-0.52,-0.52,-0.52,-0.52,0.5512,0.0,0.0,0.2839,0.0,0.0,0.0,-0.4923,-0.182,-0.4438,0.0,0.0,-0.4299,-0.5443,-0.52,-0.52,-0.52,-0.52
0.0,0.556,0.0,0.0,0.2864,0.0,0.0,0.0,-0.2518,-0.2518,-0.3067,0.0,0.0,-0.5245,-0.5245,-0.5245,-0.5245,-0.5245,-0.5245,0.556,0.0,0.0,0.2864,0.0,0.0,0.0,-0.4966,-0.1836,-0.4476,0.0,0.0,-0.4336,-0.549,-0.5245,-0.5245,-0.5245,-0.5245
0.0,0.5608,0.0,0.0,0.2889,0.0,0.0,0.0,-0.2539,-0.2539,-0.3093,0.0,0.0,-0.529,-0.529,-0.529,-0.529,-0.529,-0.529,0.5608,0.0,0.0,0.2889,0.0,0.0,0.0,-0.5008,-0.1852,-0.4514,0.0,0.0,-0.4373,-0.5537,-0.529,-0.529,-0.529,-0.529
0.0,0.5656,0.0,0.0,0.2913,0.0,0.0,0.0,-0.2561,-0.2561,-0.312,0.0,0.0,-0.5336,-0.5336,-0.5336,-0.5336,-0.5336,-0.5336,0.5656,0.0,0.0,0.2913,0.0,0.0,0.0,-0.5051,-0.1867,-0.4553,0.0,0.0,-0.4411,-0.5585,-0.5336,-0.5336,-0.5336,-0.5336
0.0,0.5704,0.0,0.0,0.2938,0.0,0.0,0.0,-0.2583,-0.2583,-0.3146,0.0,0.0,-0.5381,-0.5381,-0.5381,-0.5381,-0.5381,-0.5381,0.5704,0.0,0.0,0.2938,0.0,0.0,0.0,-0.5094,-0.1883,-0.4592,0.0,0.0,-0.4448,-0.5632,-0.5381,-0.5381,-0.5381,-0.5381
0.0,0.5752,0.0,0.0,0.2963,0.0,0.0,0.0,-0.2605,-0.2605,-0.3172,0.0,0.0,-0.5426,-0.5426,-0.5426,-0.5426,-0.5426,-0.5426,0.5752,0.0,0.0,0.2963,0.0,0.0,0.0,-0.5137,-0.1899,-0.463,0.0,0.0,-0.4486,-0.5679,-0.5426,-0.5426,-0.5426,-0.5426
0.0,0.58,0.0,0.0,0.2987,0.0,0.0,0.0,-0.2626,-0.2626,-0.3199,0.0,0.0,-0.5472,-0.5472,-0.5472,-0.5472,-0.5472,-0.5472,0.58,0.0,0.0,0.2987,0.0,0.0,0.0,-0.518,-0.1915,-0.4669,0.0,0.0,-0.4523,-0.5727,-0.5472,-0.5472,-0.5472,-0.5472
0.0,0.5848,0.0,0.0,0.3012,0.0,0.0,0.0,-0.2648,-0.2648,-0.3226,0.0,0.0,-0.5517,-0.5517,-0.5517,-0.5517,-0.5517,-0.5517,0.5848,0.0,0.0,0.3012,0.0,0.0,0.0,-0.5223,-0.1931,-0.4708,0.0,0.0,-0.4561,-0.5775,-0.5517,-0.5517,-0.5517,-0.5517
0.0,0.5896,0.0,0.0,0.3037,0.0,0.0,0.0,-0.267,-0.267,-0.3252,0.0,0.0,-0.5563,-0.5563,-0.5563,-0.5563,-0.5563,-0.5563,0.5896,0.0,0.0,0.3037,0.0,0.0,0.0,-0.5266,-0.1947,-0.4747,0.0,0.0,-0.4598,-0.5822,-0.5563,-0.5563,-0.5563,-0.5563
0.0,0.5945,0.0,0.0,0.3062,0.0,0.0,0.0,-0.2692,-0.2692,-0.3279,0.0,0.0,-0.5608,-0.5608,-0.5608,-0.5608,-0.5608,-0.5608,0.5945,0.0,0.0,0.3062,0.0,0.0,0.0,-0.5309,-0.1963,-0.4786,0.0,0.0,-0.4636,-0.587,-0.5608,-0.5608,-0.5608,-0.5608
0.0,0.5993,0.0,0.0,0.3087,0.0,0.0,0.0,-0.2714,-0.2714,-0.3306,0.0,0.0,-0.5654,-0.5654,-0.5654,-0.5654,-0.5654,-0.5654,0.5993,0.0,0.0,0.3087,0.0,0.0,0.0,-0.5352,-0.1979,-0.4825,0.0,0.0,-0.4674,-0.5918,-0.5654,-0.5654,-0.5654,-0.5654
0.0,0.6042,0.0,0.0,0.3112,0.0,0.0,0.0,-0.2736,-0.2736,-0.3333,0.0,0.0,-0.57,-0.57,-0.57,-0.57,-0.57,-0.57,0.6042,0.0,0.0,0.3112,0.0,0.0,0.0,-0.5396,-0.1995,-0.4864,0.0,0.0,-0.4712,-0.5966,-0.57,-0.57,-0.57,-0.57
0.0,0.609,0.0,0.0,0.3137,0.0,0.0,0.0,-0.2758,-0.2758,-0.3359,0.0,0.0,-0.5746,-0.5746,-0.5746,-0.5746,-0.5746,-0.5746,0.609,0.0,0.0,0.3137,0.0,0.0,0.0,-0.5439,-0.2011,-0.4903,0.0,0.0,-0.475,-0.6014,-0.5746,-0.5746,-0.5746,-0.5746
0.0,0.6139,0.0,0.0,0.3162,0.0,0.0,0.0,-0.278,-0.278,-0.3386,0.0,0.0,-0.5792,-0.5792,-0.5792,-0.5792,-0.5792,-0.5792,0.6139,0.0,0.0,0.3162,0.0,0.0,0.0,-0.5483,-0.2027,-0.4942,0.0,0.0,-0.4788,-0.6062,-0.5792,-0.5792,-0.5792,-0.5792
0.0,0.6188,0.0,0.0,0.3187,0.0,0.0,0.0,-0.2802,-0.2802,-0.3413,0.0,0.0,-0.5838,-0.5838,-0.5838,-0.5838,-0.5838,-0.5838,0.6188,0.0,0.0,0.3187,0.0,0.0,0.0,-0.5526,-0.2043,-0.4981,0.0,0.0,-0.4826,-0.611,-0.5838,-0.5838,-0.5838,-0.5838
0.0,0.6237,0.0,0.0,0.3213,0.0,0.0,0.0,-0.2824,-0.2824,-0.344,0.0,0.0,-0.5884,-0.5884,-0.5884,-0.5884,-0.5884,-0.5884,0.6237,0.0,0.0,0.3213,0.0,0.0,0.0,-0.557,-0.2059,-0.5021,0.0,0.0,-0.4864,-0.6158,-0.5884,-0.5884,-0.5884,-0.5884
0.0,0.6286,0.0,0.0,0.3238,0.0,0.0,0.0,-0.2846,-0.2846,-0.3467,0.0,0.0,-0.593,-0.593,-0.593,-0.593,-0.593,-0.593,0.6286,0.0,0.0,0.3238,0.0,0.0,0.0,-0.5614,-0.2075,-0.506,0.0,0.0,-0.4902,-0.6207,-0.593,-0.593,-0.593,-0.593
0.0,0.6335,0.0,0.0,0.3263,0.0,0.0,0.0,-0.2869,-0.2869,-0.3494,0.0,0.0,-0.5976,-0.5976,-0.5976,-0.5976,-0.5976,-0.5976,0.6335,0.0,0.0,0.3263,0.0,0.0,0.0,-0.5657,-0.2092,-0.51,0.0,0.0,-0.494,-0.6255,-0.5976,-0.5976,-0.5976,-0.5976
0.0,0.6384,0.0,0.0,0.3288,0.0,0.0,0.0,-0.2891,-0.2891,-0.3521,0.0,0.0,-0.6022,-0.6022,-0.6022,-0.6022,-0.6022,-0.6022,0.6384,0.0,0.0,0.3288,0.0,0.0,0.0,-0.5701,-0.2108,-0.5139,0.0,0.0,-0.4978,-0.6303,-0.6022,-0.6022,-0.6022,-0.6022
0.0,0.6433,0.0,0.0,0.3313,0.0,0.0,0.0,-0.2913,-0.2913,-0.3548,0.0,0.0,-0.6069,-0.6069,-0.6069,-0.6069,-0.6069,-0.6069,0.6433,0.0,0.0,0.3313,0.0,0.0,0.0,-0.5745,-0.2124,-0.5179,0.0,0.0,-0.5017,-0.6352,-0.6069,-0.6069,-0.6069,-0.6069
0.0,0.6482,0.0,0.0,0.3339,0.0,0.0,0.0,-0.2935,-0.2935,-0.3575,0.0,0.0,-0.6115,-0.6115,-0.6115,-0.6115,-0.6115,-0.6115,0.6482,0.0,0.0,0.3339,0.0,0.0,0.0,-0.5789,-0.214,-0.5218,0.0,0.0,-0.5055,-0.64,-0.6115,-0.6115,-0.6115,-0.6115
0.0,0.6531,0.0,0.0,0.3364,0.0,0.0,0.0,-0.2958,-0.2958,-0.3602,0.0,0.0,-0.6161,-0.6161,-0.6161,-0.6161,-0.6161,-0.6161,0.6531,0.0,0.0,0.3364,0.0,0.0,0.0,-0.5833,-0.2157,-0.5258,0.0,0.0,-0.5093,-0.6449,-0.6161,-0.6161,-0.6161,-0.6161
0.0,0.658,0.0,0.0,0.339,0.0,0.0,0.0,-0.298,-0.298,-0.363,0.0,0.0,-0.6208,-0.6208,-0.6208,-0.6208,-0.6208,-0.6208,0.658,0.0,0.0,0.339,0.0,0.0,0.0,-0.5877,-0.2173,-0.5297,0.0,0.0,-0.5132,-0.6498,-0.6208,-0.6208,-0.6208,-0.6208
0.0,0.663,0.0,0.0,0.3415,0.0,0.0,0.0,-0.3002,-0.3002,-0.3657,0.0,0.0,-0.6255,-0.6255,-0.6255,-0.6255,-0.6255,-0.6255,0.663,0.0,0.0,0.3415,0.0,0.0,0.0,-0.5921,-0.2189,-0.5337,0.0,0.0,-0.517,-0.6546,-0.6255,-0.6255,-0.6255,-0.6255
0.0,0.6679,0.0,0.0,0.344,0.0,0.0,0.0,-0.3025,-0.3025,-0.3684,0.0,0.0,-0.6301,-0.6301,-0.6301,-0.6301,-0.6301,-0.6301,0.6679,0.0,0.0,0.344,0.0,0.0,0.0,-0.5965,-0.2205,-0.5377,0.0,0.0,-0.5209,-0.6595,-0.6301,-0.6301,-0.6301,-0.6301
0.0,0.6729,0.0,0.0,0.3466,0.0,0.0,0.0,-0.3047,-0.3047,-0.3711,0.0,0.0,-0.6348,-0.6348,-0.6348,-0.6348,-0.6348,-0.6348,0.6729,0.0,0.0,0.3466,0.0,0.0,0.0,-0.6009,-0.2222,-0.5417,0.0,0.0,-0.5247,-0.6644,-0.6348,-0.6348,-0.6348,-0.6348
0.0,0.6778,0.0,0.0,0.3491,0.0,0.0,0.0,-0.3069,-0.3069,-0.3739,0.0,0.0,-0.6394,-0.6394,-0.6394,-0.6394,-0.6394,-0.6394,0.6778,0.0,0.0,0.3491,0.0,0.0,0.0,-0.6053,-0.2238,-0.5457,0.0,0.0,-0.5286,-0.6693,-0.6394,-0.6394,-0.6394,-0.6394
0.0,0.6828,0.0,0.0,0.3517,0.0,0.0,0.0,-0.3092,-0.3092,-0.3766,0.0,0.0,-0.6441,-0.6441,-0.6441,-0.6441,-0.6441,-0.6441,0.6828,0.0,0.0,0.3517,0.0,0.0,0.0,-0.6098,-0.2254,-0.5496,0.0,0.0,-0.5325,-0.6742,-0.6441,-0.6441,-0.6441,-0.6441
0.0,0.6877,0.0,0.0,0.3542,0.0,0.0,0.0,-0.3114,-0.3114,-0.3793,0.0,0.0,-0.6488,-0.6488,-0.6488,-0.6488,-0.6488,-0.6488,0.6877,0.0,0.0,0.3542,0.0,0.0,0.0,-0.6142,-0.2271,-0.5536,0.0,0.0,-0.5363,-0.6791,-0.6488,-0.6488,-0.6488,-0.6488
0.0,0.6927,0.0,0.0,0.3568,0.0,0.0,0.0,-0.3137,-0.3137,-0.3821,0.0,0.0,-0.6535,-0.6535,-0.6535,-0.6535,-0.6535,-0.6535,0.6927,0.0,0.0,0.3568,0.0,0.0,0.0,-0.6186,-0.2287,-0.5576,0.0,0.0,-0.5402,-0.684,-0.6535,-0.6535,-0.6535,-0.6535
0.0,0.6976,0.0,0.0,0.3594,0.0,0.0,0.0,-0.3159,-0.3159,-0.3848,0.0,0.0,-0.6582,-0.6582,-0.6582,-0.6582,-0.6582,-0.6582,0.6976,0.0,0.0,0.3594,0.0,0.0,0.0,-0.6231,-0.2304,-0.5616,0.0,0.0,-0.5441,-0.6889,-0.6582,-0.6582,-0.6582,-0.6582
0.0,0.7026,0.0,0.0,0.3619,0.0,0.0,0.0,-0.3182,-0.3182,-0.3875,0.0,0.0,-0.6628,-0.6628,-0.6628,-0.6628,-0.6628,-0.6628,0.7026,0.0,0.0,0.3619,0.0,0.0,0.0,-0.6275,-0.232,-0.5656,0.0,0.0,-0.548,-0.6938,-0.6628,-0.6628,-0.6628,-0.6628
0.0,0.7076,0.0,0.0,0.3645,0.0,0.0,0.0,-0.3204,-0.3204,-0.3903,0.0,0.0,-0.6675,-0.6675,-0.6675,-0.6675,-0.6675,-0.6675,0.7076,0.0,0.0,0.3645,0.0,0.0,0.0,-0.6319,-0.2336,-0.5696,0.0,0.0,-0.5518,-0.6987,-0.6675,-0.6675,-0.6675,-0.6675
0.0,0.7126,0.0,0.0,0.367,0.0,0.0,0.0,-0.3227,-0.3227,-0.393,0.0,0.0,-0.6722,-0.6722,-0.6722,-0.6722,-0.6722,-0.6722,0.7126,0.0,0.0,0.367,0.0,0.0,0.0,-0.6364,-0.2353,-0.5736,0.0,0.0,-0.5557,-0.7036,-0.6722,-0.6722,-0.6722,-0.6722
0.0,0.7175,0.0,0.0,0.3696,0.0,0.0,0.0,-0.3249,-0.3249,-0.3958,0.0,0.0,-0.6769,-0.6769,-0.6769,-0.6769,-0.6769,-0.6769,0.7175,0.0,0.0,0.3696,0.0,0.0,0.0,-0.6408,-0.2369,-0.5776,0.0,0.0,-0.5596,-0.7085,-0.6769,-0.6769,-0.6769,-0.6769
0.0,0.7225,0.0,0.0,0.3722,0.0,0.0,0.0,-0.3272,-0.3272,-0.3985,0.0,0.0,-0.6816,-0.6816,-0.6816,-0.6816,-0.6816,-0.6816,0.7225,0.0,0.0,0.3722,0.0,0.0,0.0,-0.6453,-0.2386,-0.5817,0.0,0.0,-0.5635,-0.7134,-0.6816,-0.6816,-0.6816,-0.6816
0.0,0.7275,0.0,0.0,0.3747,0.0,0.0,0.0,-0.3294,-0.3294,-0.4013,0.0,0.0,-0.6863,-0.6863,-0.6863,-0.6863,-0.6863,-0.6863,0.7275,0.0,0.0,0.3747,0.0,0.0,0.0,-0.6497,-0.2402,-0.5857,0.0,0.0,-0.5674,-0.7184,-0.6863,-0.6863,-0.6863,-0.6863
0.0,0.7325,0.0,0.0,0.3773,0.0,0.0,0.0,-0.3317,-0.3317,-0.404,0.0,0.0,-0.691,-0.691,-0.691,-0.691,-0.691,-0.691,0.7325,0.0,0.0,0.3773,0.0,0.0,0.0,-0.6542,-0.2419,-0.5897,0.0,0.0,-0.5713,-0.7233,-0.691,-0.691,-0.691,-0.691
0.0,0.7375,0.0,0.0,0.3799,0.0,0.0,0.0,-0.334,-0.334,-0.4068,0.0,0.0,-0.6957,-0.6957,-0.6957,-0.6957,-0.6957,-0.6957,0.7375,0.0,0.0,0.3799,0.0,0.0,0.0,-0.6586,-0.2435,-0.5937,0.0,0.0,-0.5752,-0.7282,-0.6957,-0.6957,-0.6957,-0.6957
0.0,0.7425,0.0,0.0,0.3824,0.0,0.0,0.0,-0.3362,-0.3362,-0.4095,0.0,0.0,-0.7005,-0.7005,-0.7005,-0.7005,-0.7005,-0.7005,0.7425,0.0,0.0,0.3824,0.0,0.0,0.0,-0.6631,-0.2452,-0.5977,0.0,0.0,-0.579,-0.7331,-0.7005,-0.7005,-0.7005,-0.7005
0.0,0.7475,0.0,0.0,0.385,0.0,0.0,0.0,-0.3385,-0.3385,-0.4123,0.0,0.0,-0.7052,-0.7052,-0.7052,-0.7052,-0.7052,-0.7052,0.7475,0.0,0.0,0.385,0.0,0.0,0.0,-0.6676,-0.2468,-0.6017,0.0,0.0,-0.5829,-0.7381,-0.7052,-0.7052,-0.7052,-0.7052
0.0,0.7525,0.0,0.0,0.3876,0.0,0.0,0.0,-0.3407,-0.3407,-0.415,0.0,0.0,-0.7099,-0.7099,-0.7099,-0.7099,-0.7099,-0.7099,0.7525,0.0,0.0,0.3876,0.0,0.0,0.0,-0.672,-0.2485,-0.6058,0.0,0.0,-0.5868,-0.743,-0.7099,-0.7099,-0.7099,-0.7099
0.0,0.7575,0.0,0.0,0.3902,0.0,0.0,0.0,-0.343,-0.343,-0.4178,0.0,0.0,-0.7146,-0.7146,-0.7146,-0.7146,-0.7146,-0.7146,0.7575,0.0,0.0,0.3902,0.0,0.0,0.0,-0.6765,-0.2501,-0.6098,0.0,0.0,-0.5907,-0.7479,-0.7146,-0.7146,-0.7146,-0.7146
0.0,0.7625,0.0,0.0,0.3927,0.0,0.0,0.0,-0.3453,-0.3453,-0.4206,0.0,0.0,-0.7193,-0.7193,-0.7193,-0.7193,-0.7193,-0.7193,0.7625,0.0,0.0,0.3927,0.0,0.0,0.0,-0.681,-0.2518,-0.6138,0.0,0.0,-0.5946,-0.7529,-0.7193,-0.7193,-0.7193,-0.7193
0.0,0.7675,0.0,0.0,0.3953,0.0,0.0,0.0,-0.3475,-0.3475,-0.4233,0.0,0.0,-0.724,-0.724,-0.724,-0.724,-0.724,-0.724,0.7675,0.0,0.0,0.3953,0.0,0.0,0.0,-0.6854,-0.2534,-0.6178,0.0,0.0,-0.5985,-0.7578,-0.724,-0.724,-0.724,-0.724
0.0,0.7725,0.0,0.0,0.3979,0.0,0.0,0.0,-0.3498,-0.3498,-0.4261,0.0,0.0,-0.7288,-0.7288,-0.7288,-0.7288,-0.7288,-0.7288,0.7725,0.0,0.0,0.3979,0.0,0.0,0.0,-0.6899,-0.2551,-0.6219,0.0,0.0,-0.6024,-0.7628,-0.7288,-0.7288,-0.7288,-0.7288
0.0,0.7775,0.0,0.0,0.4005,0.0,0.0,0.0,-0.3521,-0.3521,-0.4288,0.0,0.0,-0.7335,-0.7335,-0.7335,-0.7335,-0.7335,-0.7335,0.7775,0.0,0.0,0.4005,0.0,0.0,0.0,-0.6944,-0.2567,-0.6259,0.0,0.0,-0.6063,-0.7677,-0.7335,-0.7335,-0.7335,-0.7335
0.0,0.7825,0.0,0.0,0.4031,0.0,0.0,0.0,-0.3543,-0.3543,-0.4316,0.0,0.0,-0.7382,-0.7382,-0.7382,-0.7382,-0.7382,-0.7382,0.7825,0.0,0.0,0.4031,0.0,0.0,0.0,-0.6988,-0.2584,-0.6299,0.0,0.0,-0.6102,-0.7726,-0.7382,-0.7382,-0.7382,-0.7382
0.0,0.7875,0.0,0.0,0.4056,0.0,0.0,0.0,-0.3566,-0.3566,-0.4344,0.0,0.0,-0.7429,-0.7429,-0.7429,-0.7429,-0.7429,-0.7429,0.7875,0.0,0.0,0.4056,0.0,0.0,0.0,-0.7033,-0.26,-0.634,0.0,0.0,-0.6141,-0.7776,-0.7429,-0.7429,-0.7429,-0.7429
0.0,0.7925,0.0,0.0,0.4082,0.0,0.0,0.0,-0.3589,-0.3589,-0.4371,0.0,0.0,-0.7476,-0.7476,-0.7476,-0.7476,-0.7476,-0.7476,0.7925,0.0,0.0,0.4082,0.0,0.0,0.0,-0.7078,-0.2617,-0.638,0.0,0.0,-0.618,-0.7825,-0.7476,-0.7476,-0.7476,-0.7476
0.0,0.7975,0.0,0.0,0.4108,0.0,0.0,0.0,-0.3611,-0.3611,-0.4399,0.0,0.0,-0.7524,-0.7524,-0.7524,-0.7524,-0.7524,-0.7524,0.7975,0.0,0.0,0.4108,0.0,0.0,0.0,-0.7122,-0.2633,-0.642,0.0,0.0,-0.622,-0.7875,-0.7524,-0.7524,-0.7524,-0.7524
0.0,0.8025,0.0,0.0,0.4134,0.0,0.0,0.0,-0.3634,-0.3634,-0.4426,0.0,0.0,-0.7571,-0.7571,-0.7571,-0.7571,-0.7571,-0.7571,0.8025,0.0,0.0,0.4134,0.0,0.0,0.0,-0.7167,-0.265,-0.646,0.0,0.0,-0.6259,-0.7924,-0.7571,-0.7571,-0.7571,-0.7571
0.0,0.8075,0.0,0.0,0.4159,0.0,0.0,0.0,-0.3657,-0.3657,-0.4454,0.0,0.0,-0.7618,-0.7618,-0.7618,-0.7618,-0.7618,-0.7618,0.8075,0.0,0.0,0.4159,0.0,0.0,0.0,-0.7212,-0.2666,-0.6501,0.0,0.0,-0.6298,-0.7974,-0.7618,-0.7618,-0.7618,-0.7618
0.0,0.8125,0.0,0.0,0.4185,0.0,0.0,0.0,-0.3679,-0.3679,-0.4482,0.0,0.0,-0.7665,-0.7665,-0.7665,-0.7665,-0.7665,-0.7665,0.8125,0.0,0.0,0.4185,0.0,0.0,0.0,-0.7256,-0.2683,-0.6541,0.0,0.0,-0.6337,-0.8023,-0.7665,-0.7665,-0.7665,-0.7665
0.0,0.8175,0.0,0.0,0.4211,0.0,0.0,0.0,-0.3702,-0.3702,-0.4509,0.0,0.0,-0.7712,-0.7712,-0.7712,-0.7712,-0.7712,-0.7712,0.8175,0.0,0.0,0.4211,0.0,0.0,0.0,-0.7301,-0.2699,-0.6581,0.0,0.0,-0.6376,-0.8072,-0.7712,-0.7712,-0.7712,-0.7712
0.0,0.8225,0.0,0.0,0.4237,0.0,0.0,0.0,-0.3725,-0.3725,-0.4537,0.0,0.0,-0.776,-0.776,-0.776,-0.776,-0.776,-0.776,0.8225,0.0,0.0,0.4237,0.0,0.0,0.0,-0.7346,-0.2716,-0.6622,0.0,0.0,-0.6415,-0.8122,-0.776,-0.776,-0.776,-0.776
0.0,0.8275,0.0,0.0,0.4263,0.0,0.0,0.0,-0.3747,-0.3747,-0.4564,0.0,0.0,-0.7807,-0.7807,-0.7807,-0.7807,-0.7807,-0.7807,0.8275,0.0,0.0,0.4263,0.0,0.0,0.0,-0.739,-0.2732,-0.6662,0.0,0.0,-0.6454,-0.8171,-0.7807,-0.7807,-0.7807,-0.7807
0.0,0.8325,0.0,0.0,0.4288,0.0,0.0,0.0,-0.377,-0.377,-0.4592,0.0,0.0,-0.7854,-0.7854,-0.7854,-0.7854,-0.7854,-0.7854,0.8325,0.0,0.0,0.4288,0.0,0.0,0.0,-0.7435,-0.2749,-0.6702,0.0,0.0,-0.6493,-0.8221,-0.7854,-0.7854,-0.7854,-0.7854
0.0,0.8375,0.0,0.0,0.4314,0.0,0.0,0.0,-0.3793,-0.3793,-0.462,0.0,0.0,-0.7901,-0.7901,-0.7901,-0.7901,-0.7901,-0.7901,0.8375,0.0,0.0,0.4314,0.0,0.0,0.0,-0.748,-0.2765,-0.6742,0.0,0.0,-0.6532,-0.827,-0.7901,-0.7901,-0.7901,-0.7901
0.0,0.8425,0.0,0.0,0.434,0.0,0.0,0.0,-0.3815,-0.3815,-0.4647,0.0,0.0,-0.7948,-0.7948,-0.7948,-0.7948,-0.7948,-0.7948,0.8425,0.0,0.0,0.434,0.0,0.0,0.0,-0.7524,-0.2782,-0.6783,0.0,0.0,-0.6571,-0.8319,-0.7948,-0.7948,-0.7948,-0.7948
0.0,0.8475,0.0,0.0,0.4366,0.0,0.0,0.0,-0.3838,-0.3838,-0.4675,0.0,0.0,-0.7995,-0.7995,-0.7995,-0.7995,-0.7995,-0.7995,0.8475,0.0,0.0,0.4366,0.0,0.0,0.0,-0.7569,-0.2798,-0.6823,0.0,0.0,-0.661,-0.8369,-0.7995,-0.7995,-0.7995,-0.7995
0.0,0.8525,0.0,0.0,0.4391,0.0,0.0,0.0,-0.386,-0.386,-0.4702,0.0,0.0,-0.8043,-0.8043,-0.8043,-0.8043,-0.8043,-0.8043,0.8525,0.0,0.0,0.4391,0.0,0.0,0.0,-0.7614,-0.2815,-0.6863,0.0,0.0,-0.6648,-0.8418,-0.8043,-0.8043,-0.8043,-0.8043
0.0,0.8575,0.0,0.0,0.4417,0.0,0.0,0.0,-0.3883,-0.3883,-0.473,0.0,0.0,-0.809,-0.809,-0.809,-0.809,-0.809,-0.809,0.8575,0.0,0.0,0.4417,0.0,0.0,0.0,-0.7658,-0.2831,-0.6903,0.0,0.0,-0.6687,-0.8467,-0.809,-0.809,-0.809,-0.809
0.0,0.8625,0.0,0.0,0.4443,0.0,0.0,0.0,-0.3906,-0.3906,-0.4757,0.0,0.0,-0.8137,-0.8137,-0.8137,-0.8137,-0.8137,-0.8137,0.8625,0.0,0.0,0.4443,0.0,0.0,0.0,-0.7703,-0.2848,-0.6943,0.0,0.0,-0.6726,-0.8516,-0.8137,-0.8137,-0.8137,-0.8137
0.0,0.8675,0.0,0.0,0.4468,0.0,0.0,0.0,-0.3928,-0.3928,-0.4785,0.0,0.0,-0.8184,-0.8184,-0.8184,-0.8184,-0.8184,-0.8184,0.8675,0.0,0.0,0.4468,0.0,0.0,0.0,-0.7747,-0.2864,-0.6983,0.0,0.0,-0.6765,-0.8566,-0.8184,-0.8184,-0.8184,-0.8184
0.0,0.8725,0.0,0.0,0.4494,0.0,0.0,0.0,-0.3951,-0.3951,-0.4812,0.0,0.0,-0.8231,-0.8231,-0.8231,-0.8231,-0.8231,-0.8231,0.8725,0.0,0.0,0.4494,0.0,0.0,0.0,-0.7792,-0.2881,-0.7024,0.0,0.0,-0.6804,-0.8615,-0.8231,-0.8231,-0.8231,-0.8231
0.0,0.8774,0.0,0.0,0.452,0.0,0.0,0.0,-0.3973,-0.3973,-0.484,0.0,0.0,-0.8278,-0.8278,-0.8278,-0.8278,-0.8278,-0.8278,0.8774,0.0,0.0,0.452,0.0,0.0,0.0,-0.7836,-0.2897,-0.7064,0.0,0.0,-0.6843,-0.8664,-0.8278,-0.8278,-0.8278,-0.8278
0.0,0.8824,0.0,0.0,0.4545,0.0,0.0,0.0,-0.3996,-0.3996,-0.4867,0.0,0.0,-0.8325,-0.8325,-0.8325,-0.8325,-0.8325,-0.8325,0.8824,0.0,0.0,0.4545,0.0,0.0,0.0,-0.7881,-0.2914,-0.7104,0.0,0.0,-0.6882,-0.8713,-0.8325,-0.8325,-0.8325,-0.8325
0.0,0.8874,0.0,0.0,0.4571,0.0,0.0,0.0,-0.4018,-0.4018,-0.4895,0.0,0.0,-0.8372,-0.8372,-0.8372,-0.8372,-0.8372,-0.8372,0.8874,0.0,0.0,0.4571,0.0,0.0,0.0,-0.7925,-0.293,-0.7144,0.0,0.0,-0.692,-0.8762,-0.8372,-0.8372,-0.8372,-0.8372
0.0,0.8924,0.0,0.0,0.4596,0.0,0.0,0.0,-0.4041,-0.4041,-0.4922,0.0,0.0,-0.8418,-0.8418,-0.8418,-0.8418,-0.8418,-0.8418,0.8924,0.0,0.0,0.4596,0.0,0.0,0.0,-0.7969,-0.2946,-0.7184,0.0,0.0,-0.6959,-0.8811,-0.8418,-0.8418,-0.8418,-0.8418
0.0,0.8973,0.0,0.0,0.4622,0.0,0.0,0.0,-0.4063,-0.4063,-0.4949,0.0,0.0,-0.8465,-0.8465,-0.8465,-0.8465,-0.8465,-0.8465,0.8973,0.0,0.0,0.4622,0.0,0.0,0.0,-0.8014,-0.2963,-0.7224,0.0,0.0,-0.6998,-0.886,-0.8465,-0.8465,-0.8465,-0.8465
0.0,0.9023,0.0,0.0,0.4648,0.0,0.0,0.0,-0.4086,-0.4086,-0.4977,0.0,0.0,-0.8512,-0.8512,-0.8512,-0.8512,-0.8512,-0.8512,0.9023,0.0,0.0,0.4648,0.0,0.0,0.0,-0.8058,-0.2979,-0.7264,0.0,0.0,-0.7037,-0.8909,-0.8512,-0.8512,-0.8512,-0.8512
0.0,0.9072,0.0,0.0,0.4673,0.0,0.0,0.0,-0.4108,-0.4108,-0.5004,0.0,0.0,-0.8559,-0.8559,-0.8559,-0.8559,-0.8559,-0.8559,0.9072,0.0,0.0,0.4673,0.0,0.0,0.0,-0.8102,-0.2996,-0.7304,0.0,0.0,-0.7075,-0.8958,-0.8559,-0.8559,-0.8559,-0.8559
0.0,0.9122,0.0,0.0,0.4699,0.0,0.0,0.0,-0.4131,-0.4131,-0.5031,0.0,0.0,-0.8606,-0.8606,-0.8606,-0.8606,-0.8606,-0.8606,0.9122,0.0,0.0,0.4699,0.0,0.0,0.0,-0.8147,-0.3012,-0.7343,0.0,0.0,-0.7114,-0.9007,-0.8606,-0.8606,-0.8606,-0.8606
0.0,0.9171,0.0,0.0,0.4724,0.0,0.0,0.0,-0.4153,-0.4153,-0.5059,0.0,0.0,-0.8652,-0.8652,-0.8652,-0.8652,-0.8652,-0.8652,0.9171,0.0,0.0,0.4724,0.0,0.0,0.0,-0.8191,-0.3028,-0.7383,0.0,0.0,-0.7153,-0.9056,-0.8652,-0.8652,-0.8652,-0.8652
0.0,0.9221,0.0,0.0,0.475,0.0,0.0,0.0,-0.4175,-0.4175,-0.5086,0.0,0.0,-0.8699,-0.8699,-0.8699,-0.8699,-0.8699,-0.8699,0.9221,0.0,0.0,0.475,0.0,0.0,0.0,-0.8235,-0.3045,-0.7423,0.0,0.0,-0.7191,-0.9105,-0.8699,-0.8699,-0.8699,-0.8699
0.0,0.927,0.0,0.0,0.4775,0.0,0.0,0.0,-0.4198,-0.4198,-0.5113,0.0,0.0,-0.8745,-0.8745,-0.8745,-0.8745,-0.8745,-0.8745,0.927,0.0,0.0,0.4775,0.0,0.0,0.0,-0.8279,-0.3061,-0.7463,0.0,0.0,-0.723,-0.9154,-0.8745,-0.8745,-0.8745,-0.8745
0.0,0.932,0.0,0.0,0.48,0.0,0.0,0.0,-0.422,-0.422,-0.514,0.0,0.0,-0.8792,-0.8792,-0.8792,-0.8792,-0.8792,-0.8792,0.932,0.0,0.0,0.48,0.0,0.0,0.0,-0.8323,-0.3077,-0.7503,0.0,0.0,-0.7268,-0.9202,-0.8792,-0.8792,-0.8792,-0.8792
0.0,0.9369,0.0,0.0,0.4826,0.0,0.0,0.0,-0.4242,-0.4242,-0.5168,0.0,0.0,-0.8839,-0.8839,-0.8839,-0.8839,-0.8839,-0.8839,0.9369,0.0,0.0,0.4826,0.0,0.0,0.0,-0.8367,-0.3093,-0.7542,0.0,0.0,-0.7307,-0.9251,-0.8839,-0.8839,-0.8839,-0.8839
0.0,0.9418,0.0,0.0,0.4851,0.0,0.0,0.0,-0.4265,-0.4265,-0.5195,0.0,0.0,-0.8885,-0.8885,-0.8885,-0.8885,-0.8885,-0.8885,0.9418,0.0,0.0,0.4851,0.0,0.0,0.0,-0.8411,-0.311,-0.7582,0.0,0.0,-0.7345,-0.93,-0.8885,-0.8885,-0.8885,-0.8885
0.0,0.9467,0.0,0.0,0.4877,0.0,0.0,0.0,-0.4287,-0.4287,-0.5222,0.0,0.0,-0.8931,-0.8931,-0.8931,-0.8931,-0.8931,-0.8931,0.9467,0.0,0.0,0.4877,0.0,0.0,0.0,-0.8455,-0.3126,-0.7621,0.0,0.0,-0.7383,-0.9348,-0.8931,-0.8931,-0.8931,-0.8931
0.0,0.9516,0.0,0.0,0.4902,0.0,0.0,0.0,-0.4309,-0.4309,-0.5249,0.0,0.0,-0.8978,-0.8978,-0.8978,-0.8978,-0.8978,-0.8978,0.9516,0.0,0.0,0.4902,0.0,0.0,0.0,-0.8499,-0.3142,-0.7661,0.0,0.0,-0.7422,-0.9397,-0.8978,-0.8978,-0.8978,-0.8978
0.0,0.9565,0.0,0.0,0.4927,0.0,0.0,0.0,-0.4331,-0.4331,-0.5276,0.0,0.0,-0.9024,-0.9024,-0.9024,-0.9024,-0.9024,-0.9024,0.9565,0.0,0.0,0.4927,0.0,0.0,0.0,-0.8543,-0.3158,-0.77,0.0,0.0,-0.746,-0.9445,-0.9024,-0.9024,-0.9024,-0.9024
0.0,0.9614,0.0,0.0,0.4952,0.0,0.0,0.0,-0.4354,-0.4354,-0.5303,0.0,0.0,-0.907,-0.907,-0.907,-0.907,-0.907,-0.907,0.9614,0.0,0.0,0.4952,0.0,0.0,0.0,-0.8586,-0.3175,-0.774,0.0,0.0,-0.7498,-0.9493,-0.907,-0.907,-0.907,-0.907
0.0,0.9663,0.0,0.0,0.4977,0.0,0.0,0.0,-0.4376,-0.4376,-0.533,0.0,0.0,-0.9116,-0.9116,-0.9116,-0.9116,-0.9116,-0.9116,0.9663,0.0,0.0,0.4977,0.0,0.0,0.0,-0.863,-0.3191,-0.7779,0.0,0.0,-0.7536,-0.9542,-0.9116,-0.9116,-0.9116,-0.9116
0.0,0.9712,0.0,0.0,0.5003,0.0,0.0,0.0,-0.4398,-0.4398,-0.5357,0.0,0.0,-0.9162,-0.9162,-0.9162,-0.9162,-0.9162,-0.9162,0.9712,0.0,0.0,0.5003,0.0,0.0,0.0,-0.8674,-0.3207,-0.7819,0.0,0.0,-0.7574,-0.959,-0.9162,-0.9162,-0.9162,-0.9162
0.0,0.9761,0.0,0.0,0.5028,0.0,0.0,0.0,-0.442,-0.442,-0.5384,0.0,0.0,-0.9208,-0.9208,-0.9208,-0.9208,-0.9208,-0.9208,0.9761,0.0,0.0,0.5028,0.0,0.0,0.0,-0.8717,-0.3223,-0.7858,0.0,0.0,-0.7612,-0.9638,-0.9208,-0.9208,-0.9208,-0.9208
0.0,0.981,0.0,0.0,0.5053,0.0,0.0,0.0,-0.4442,-0.4442,-0.5411,0.0,0.0,-0.9254,-0.9254,-0.9254,-0.9254,-0.9254,-0.9254,0.981,0.0,0.0,0.5053,0.0,0.0,0.0,-0.8761,-0.3239,-0.7897,0.0,0.0,-0.765,-0.9686,-0.9254,-0.9254,-0.9254,-0.9254
0.0,0.9858,0.0,0.0,0.5078,0.0,0.0,0.0,-0.4464,-0.4464,-0.5437,0.0,0.0,-0.93,-0.93,-0.93,-0.93,-0.93,-0.93,0.9858,0.0,0.0,0.5078,0.0,0.0,0.0,-0.8804,-0.3255,-0.7936,0.0,0.0,-0.7688,-0.9734,-0.93,-0.93,-0.93,-0.93
0.0,0.9907,0.0,0.0,0.5103,0.0,0.0,0.0,-0.4486,-0.4486,-0.5464,0.0,0.0,-0.9346,-0.9346,-0.9346,-0.9346,-0.9346,-0.9346,0.9907,0.0,0.0,0.5103,0.0,0.0,0.0,-0.8848,-0.3271,-0.7975,0.0,0.0,-0.7726,-0.9782,-0.9346,-0.9346,-0.9346,-0.9346
0.0,0.9955,0.0,0.0,0.5128,0.0,0.0,0.0,-0.4508,-0.4508,-0.5491,0.0,0.0,-0.9392,-0.9392,-0.9392,-0.9392,-0.9392,-0.9392,0.9955,0.0,0.0,0.5128,0.0,0.0,0.0,-0.8891,-0.3287,-0.8014,0.0,0.0,-0.7764,-0.983,-0.9392,-0.9392,-0.9392,-0.9392
0.0,1.0004,0.0,0.0,0.5153,0.0,0.0,0.0,-0.453,-0.453,-0.5518,0.0,0.0,-0.9437,-0.9437,-0.9437,-0.9437,-0.9437,-0.9437,1.0004,0.0,0.0,0.5153,0.0,0.0,0.0,-0.8934,-0.3303,-0.8053,0.0,0.0,-0.7802,-0.9878,-0.9437,-0.9437,-0.9437,-0.9437
0.0,1.0052,0.0,0.0,0.5178,0.0,0.0,0.0,-0.4552,-0.4552,-0.5544,0.0,0.0,-0.9483,-0.9483,-0.9483,-0.9483,-0.9483,-0.9483,1.0052,0.0,0.0,0.5178,0.0,0.0,0.0,-0.8977,-0.3319,-0.8092,0.0,0.0,-0.7839,-0.9925,-0.9483,-0.9483,-0.9483,-0.9483
0.0,1.01,0.0,0.0,0.5203,0.0,0.0,0.0,-0.4574,-0.4574,-0.5571,0.0,0.0,-0.9528,-0.9528,-0.9528,-0.9528,-0.9528,-0.9528,1.01,0.0,0.0,0.5203,0.0,0.0,0.0,-0.902,-0.3335,-0.8131,0.0,0.0,-0.7877,-0.9973,-0.9528,-0.9528,-0.9528,-0.9528
0.0,1.0148,0.0,0.0,0.5227,0.0,0.0,0.0,-0.4595,-0.4595,-0.5598,0.0,0.0,-0.9574,-0.9574,-0.9574,-0.9574,-0.9574,-0.9574,1.0148,0.0,0.0,0.5227,0.0,0.0,0.0,-0.9063,-0.3351,-0.817,0.0,0.0,-0.7914,-1.0021,-0.9574,-0.9574,-0.9574,-0.9574
0.0,1.0196,0.0,0.0,0.5252,0.0,0.0,0.0,-0.4617,-0.4617,-0.5624,0.0,0.0,-0.9619,-0.9619,-0.9619,-0.9619,-0.9619,-0.9619,1.0196,0.0,0.0,0.5252,0.0,0.0,0.0,-0.9106,-0.3367,-0.8208,0.0,0.0,-0.7952,-1.0068,-0.9619,-0.9619,-0.9619,-0.9619
0.0,1.0244,0.0,0.0,0.5277,0.0,0.0,0.0,-0.4639,-0.4639,-0.565,0.0,0.0,-0.9664,-0.9664,-0.9664,-0.9664,-0.9664,-0.9664,1.0244,0.0,0.0,0.5277,0.0,0.0,0.0,-0.9149,-0.3383,-0.8247,0.0,0.0,-0.7989,-1.0115,-0.9664,-0.9664,-0.9664,-0.9664
0.0,1.0292,0.0,0.0,0.5301,0.0,0.0,0.0,-0.4661,-0.4661,-0.5677,0.0,0.0,-0.971,-0.971,-0.971,-0.971,-0.971,-0.971,1.0292,0.0,0.0,0.5301,0.0,0.0,0.0,-0.9192,-0.3398,-0.8286,0.0,0.0,-0.8027,-1.0163,-0.971,-0.971,-0.971,-0.971
0.0,1.034,0.0,0.0,0.5326,0.0,0.0,0.0,-0.4682,-0.4682,-0.5703,0.0,0.0,-0.9755,-0.9755,-0.9755,-0.9755,-0.9755,-0.9755,1.034,0.0,0.0,0.5326,0.0,0.0,0.0,-0.9234,-0.3414,-0.8324,0.0,0.0,-0.8064,-1.021,-0.9755,-0.9755,-0.9755,-0.9755
0.0,1.0388,0.0,0.0,0.5351,0.0,0.0,0.0,-0.4704,-0.4704,-0.573,0.0,0.0,-0.98,-0.98,-0.98,-0.98,-0.98,-0.98,1.0388,0.0,0.0,0.5351,0.0,0.0,0.0,-0.9277,-0.343,-0.8362,0.0,0.0,-0.8101,-1.0257,-0.98,-0.98,-0.98,-0.98
0.0,1.0435,0.0,0.0,0.5375,0.0,0.0,0.0,-0.4725,-0.4725,-0.5756,0.0,0.0,-0.9845,-0.9845,-0.9845,-0.9845,-0.9845,-0.9845,1.0435,0.0,0.0,0.5375,0.0,0.0,0.0,-0.932,-0.3446,-0.8401,0.0,0.0,-0.8138,-1.0304,-0.9845,-0.9845,-0.9845,-0.9845
0.0,1.0483,0.0,0.0,0.54,0.0,0.0,0.0,-0.4747,-0.4747,-0.5782,0.0,0.0,-0.9889,-0.9889,-0.9889,-0.9889,-0.9889,-0.9889,1.0483,0.0,0.0,0.54,0.0,0.0,0.0,-0.9362,-0.3461,-0.8439,0.0,0.0,-0.8175,-1.0351,-0.9889,-0.9889,-0.9889,-0.9889
0.0,1.053,0.0,0.0,0.5424,0.0,0.0,0.0,-0.4768,-0.4768,-0.5808,0.0,0.0,-0.9934,-0.9934,-0.9934,-0.9934,-0.9934,-0.9934,1.053,0.0,0.0,0.5424,0.0,0.0,0.0,-0.9404,-0.3477,-0.8477,0.0,0.0,-0.8212,-1.0398,-0.9934,-0.9934,-0.9934,-0.9934
0.0,1.0577,0.0,0.0,0.5448,0.0,0.0,0.0,-0.479,-0.479,-0.5834,0.0,0.0,-0.9979,-0.9979,-0.9979,-0.9979,-0.9979,-0.9979,1.0577,0.0,0.0,0.5448,0.0,0.0,0.0,-0.9446,-0.3493,-0.8515,0.0,0.0,-0.8249,-1.0444,-0.9979,-0.9979,-0.9979,-0.9979
0.0,1.0625,0.0,0.0,0.5473,0.0,0.0,0.0,-0.4811,-0.4811,-0.586,0.0,0.0,-1.0023,-1.0023,-1.0023,-1.0023,-1.0023,-1.0023,1.0625,0.0,0.0,0.5473,0.0,0.0,0.0,-0.9489,-0.3508,-0.8553,0.0,0.0,-0.8286,-1.0491,-1.0023,-1.0023,-1.0023,-1.0023
0.0,1.0672,0.0,0.0,0.5497,0.0,0.0,0.0,-0.4832,-0.4832,-0.5886,0.0,0.0,-1.0068,-1.0068,-1.0068,-1.0068,-1.0068,-1.0068,1.0672,0.0,0.0,0.5497,0.0,0.0,0.0,-0.9531,-0.3524,-0.8591,0.0,0.0,-0.8323,-1.0537,-1.0068,-1.0068,-1.0068,-1.0068
0.0,1.0719,0.0,0.0,0.5521,0.0,0.0,0.0,-0.4854,-0.4854,-0.5912,0.0,0.0,-1.0112,-1.0112,-1.0112,-1.0112,-1.0112,-1.0112,1.0719,0.0,0.0,0.5521,0.0,0.0,0.0,-0.9573,-0.3539,-0.8629,0.0,0.0,-0.8359,-1.0584,-1.0112,-1.0112,-1.0112,-1.0112
0.0,1.0766,0.0,0.0,0.5545,0.0,0.0,0.0,-0.4875,-0.4875,-0.5938,0.0,0.0,-1.0156,-1.0156,-1.0156,-1.0156,-1.0156,-1.0156,1.0766,0.0,0.0,0.5545,0.0,0.0,0.0,-0.9614,-0.3555,-0.8667,0.0,0.0,-0.8396,-1.063,-1.0156,-1.0156,-1.0156,-1.0156
0.0,1.0812,0.0,0.0,0.5569,0.0,0.0,0.0,-0.4896,-0.4896,-0.5964,0.0,0.0,-1.02,-1.02,-1.02,-1.02,-1.02,-1.02,1.0812,0.0,0.0,0.5569,0.0,0.0,0.0,-0.9656,-0.357,-0.8704,0.0,0.0,-0.8432,-1.0676,-1.02,-1.02,-1.02,-1.02
0.0,1.0859,0.0,0.0,0.5593,0.0,0.0,0.0,-0.4917,-0.4917,-0.5989,0.0,0.0,-1.0244,-1.0244,-1.0244,-1.0244,-1.0244,-1.0244,1.0859,0.0,0.0,0.5593,0.0,0.0,0.0,-0.9698,-0.3585,-0.8742,0.0,0.0,-0.8469,-1.0722,-1.0244,-1.0244,-1.0244,-1.0244
0.0,1.0905,0.0,0.0,0.5617,0.0,0.0,0.0,-0.4938,-0.4938,-0.6015,0.0,0.0,-1.0288,-1.0288,-1.0288,-1.0288,-1.0288,-1.0288,1.0905,0.0,0.0,0.5617,0.0,0.0,0.0,-0.9739,-0.3601,-0.8779,0.0,0.0,-0.8505,-1.0768,-1.0288,-1.0288,-1.0288,-1.0288
0.0,1.0952,0.0,0.0,0.5641,0.0,0.0,0.0,-0.4959,-0.4959,-0.6041,0.0,0.0,-1.0332,-1.0332,-1.0332,-1.0332,-1.0332,-1.0332,1.0952,0.0,0.0,0.5641,0.0,0.0,0.0,-0.9781,-0.3616,-0.8817,0.0,0.0,-0.8541,-1.0814,-1.0332,-1.0332,-1.0332,-1.0332
0.0,1.0998,0.0,0.0,0.5665,0.0,0.0,0.0,-0.498,-0.498,-0.6066,0.0,0.0,-1.0376,-1.0376,-1.0376,-1.0376,-1.0376,-1.0376,1.0998,0.0,0.0,0.5665,0.0,0.0,0.0,-0.9822,-0.3631,-0.8854,0.0,0.0,-0.8577,-1.086,-1.0376,-1.0376,-1.0376,-1.0376
0.0,1.1044,0.0,0.0,0.5689,0.0,0.0,0.0,-0.5001,-0.5001,-0.6092,0.0,0.0,-1.0419,-1.0419,-1.0419,-1.0419,-1.0419,-1.0419,1.1044,0.0,0.0,0.5689,0.0,0.0,0.0,-0.9863,-0.3647,-0.8891,0.0,0.0,-0.8613,-1.0905,-1.0419,-1.0419,-1.0419,-1.0419
0.0,1.109,0.0,0.0,0.5713,0.0,0.0,0.0,-0.5022,-0.5022,-0.6117,0.0,0.0,-1.0463,-1.0463,-1.0463,-1.0463,-1.0463,-1.0463,1.109,0.0,0.0,0.5713,0.0,0.0,0.0,-0.9905,-0.3662,-0.8928,0.0,0.0,-0.8649,-1.0951,-1.0463,-1.0463,-1.0463,-1.0463
0.0,1.1136,0.0,0.0,0.5736,0.0,0.0,0.0,-0.5043,-0.5043,-0.6142,0.0,0.0,-1.0506,-1.0506,-1.0506,-1.0506,-1.0506,-1.0506,1.1136,0.0,0.0,0.5736,0.0,0.0,0.0,-0.9946,-0.3677,-0.8965,0.0,0.0,-0.8685,-1.0996,-1.0506,-1.0506,-1.0506,-1.0506
0.0,1.1182,0.0,0.0,0.576,0.0,0.0,0.0,-0.5064,-0.5064,-0.6168,0.0,0.0,-1.0549,-1.0549,-1.0549,-1.0549,-1.0549,-1.0549,1.1182,0.0,0.0,0.576,0.0,0.0,0.0,-0.9986,-0.3692,-0.9002,0.0,0.0,-0.8721,-1.1041,-1.0549,-1.0549,-1.0549,-1.0549
0.0,1.1228,0.0,0.0,0.5783,0.0,0.0,0.0,-0.5084,-0.5084,-0.6193,0.0,0.0,-1.0592,-1.0592,-1.0592,-1.0592,-1.0592,-1.0592,1.1228,0.0,0.0,0.5783,0.0,0.0,0.0,-1.0027,-0.3707,-0.9039,0.0,0.0,-0.8756,-1.1086,-1.0592,-1.0592,-1.0592,-1.0592
0.0,1.1273,0.0,0.0,0.5807,0.0,0.0,0.0,-0.5105,-0.5105,-0.6218,0.0,0.0,-1.0635,-1.0635,-1.0635,-1.0635,-1.0635,-1.0635,1.1273,0.0,0.0,0.5807,0.0,0.0,0.0,-1.0068,-0.3722,-0.9075,0.0,0.0,-0.8792,-1.1131,-1.0635,-1.0635,-1.0635,-1.0635
0.0,1.1319,0.0,0.0,0.583,0.0,0.0,0.0,-0.5125,-0.5125,-0.6243,0.0,0.0,-1.0678,-1.0678,-1.0678,-1.0678,-1.0678,-1.0678,1.1319,0.0,0.0,0.583,0.0,0.0,0.0,-1.0108,-0.3737,-0.9112,0.0,0.0,-0.8827,-1.1176,-1.0678,-1.0678,-1.0678,-1.0678
0.0,1.1364,0.0,0.0,0.5853,0.0,0.0,0.0,-0.5146,-0.5146,-0.6268,0.0,0.0,-1.0721,-1.0721,-1.0721,-1.0721,-1.0721,-1.0721,1.1364,0.0,0.0,0.5853,0.0,0.0,0.0,-1.0149,-0.3752,-0.9148,0.0,0.0,-0.8862,-1.1221,-1.0721,-1.0721,-1.0721,-1.0721
0.0,1.1409,0.0,0.0,0.5877,0.0,0.0,0.0,-0.5166,-0.5166,-0.6293,0.0,0.0,-1.0763,-1.0763,-1.0763,-1.0763,-1.0763,-1.0763,1.1409,0.0,0.0,0.5877,0.0,0.0,0.0,-1.0189,-0.3767,-0.9185,0.0,0.0,-0.8898,-1.1266,-1.0763,-1.0763,-1.0763,-1.0763
0.0,1.1454,0.0,0.0,0.59,0.0,0.0,0.0,-0.5187,-0.5187,-0.6318,0.0,0.0,-1.0806,-1.0806,-1.0806,-1.0806,-1.0806,-1.0806,1.1454,0.0,0.0,0.59,0.0,0.0,0.0,-1.0229,-0.3782,-0.9221,0.0,0.0,-0.8933,-1.131,-1.0806,-1.0806,-1.0806,-1.0806
0.0,1.1499,0.0,0.0,0.5923,0.0,0.0,0.0,-0.5207,-0.5207,-0.6342,0.0,0.0,-1.0848,-1.0848,-1.0848,-1.0848,-1.0848,-1.0848,1.1499,0.0,0.0,0.5923,0.0,0.0,0.0,-1.0269,-0.3797,-0.9257,0.0,0.0,-0.8968,-1.1354,-1.0848,-1.0848,-1.0848,-1.0848
0.0,1.1544,0.0,0.0,0.5946,0.0,0.0,0.0,-0.5227,-0.5227,-0.6367,0.0,0.0,-1.089,-1.089,-1.089,-1.089,-1.089,-1.089,1.1544,0.0,0.0,0.5946,0.0,0.0,0.0,-1.0309,-0.3812,-0.9293,0.0,0.0,-0.9003,-1.1398,-1.089,-1.089,-1.089,-1.089
0.0,1.1588,0.0,0.0,0.5969,0.0,0.0,0.0,-0.5247,-0.5247,-0.6392,0.0,0.0,-1.0932,-1.0932,-1.0932,-1.0932,-1.0932,-1.0932,1.1588,0.0,0.0,0.5969,0.0,0.0,0.0,-1.0349,-0.3826,-0.9329,0.0,0.0,-0.9037,-1.1442,-1.0932,-1.0932,-1.0932,-1.0932
0.0,1.1633,0.0,0.0,0.5992,0.0,0.0,0.0,-0.5268,-0.5268,-0.6416,0.0,0.0,-1.0974,-1.0974,-1.0974,-1.0974,-1.0974,-1.0974,1.1633,0.0,0.0,0.5992,0.0,0.0,0.0,-1.0389,-0.3841,-0.9365,0.0,0.0,-0.9072,-1.1486,-1.0974,-1.0974,-1.0974,-1.0974
0.0,1.1677,0.0,0.0,0.6015,0.0,0.0,0.0,-0.5288,-0.5288,-0.6441,0.0,0.0,-1.1016,-1.1016,-1.1016,-1.1016,-1.1016,-1.1016,1.1677,0.0,0.0,0.6015,0.0,0.0,0.0,-1.0428,-0.3856,-0.94,0.0,0.0,-0.9107,-1.153,-1.1016,-1.1016,-1.1016,-1.1016
0.0,1.1721,0.0,0.0,0.6037,0.0,0.0,0.0,-0.5308,-0.5308,-0.6465,0.0,0.0,-1.1058,-1.1058,-1.1058,-1.1058,-1.1058,-1.1058,1.1721,0.0,0.0,0.6037,0.0,0.0,0.0,-1.0468,-0.387,-0.9436,0.0,0.0,-0.9141,-1.1574,-1.1058,-1.1058,-1.1058,-1.1058
0.0,1.1765,0.0,0.0,0.606,0.0,0.0,0.0,-0.5328,-0.5328,-0.6489,0.0,0.0,-1.1099,-1.1099,-1.1099,-1.1099,-1.1099,-1.1099,1.1765,0.0,0.0,0.606,0.0,0.0,0.0,-1.0507,-0.3885,-0.9471,0.0,0.0,-0.9175,-1.1617,-1.1099,-1.1099,-1.1099,-1.1099
0.0,1.1809,0.0,0.0,0.6083,0.0,0.0,0.0,-0.5347,-0.5347,-0.6513,0.0,0.0,-1.114,-1.114,-1.114,-1.114,-1.114,-1.114,1.1809,0.0,0.0,0.6083,0.0,0.0,0.0,-1.0546,-0.3899,-0.9507,0.0,0.0,-0.9209,-1.166,-1.114,-1.114,-1.114,-1.114
0.0,1.1853,0.0,0.0,0.6105,0.0,0.0,0.0,-0.5367,-0.5367,-0.6538,0.0,0.0,-1.1182,-1.1182,-1.1182,-1.1182,-1.1182,-1.1182,1.1853,0.0,0.0,0.6105,0.0,0.0,0.0,-1.0585,-0.3914,-0.9542,0.0,0.0,-0.9243,-1.1703,-1.1182,-1.1182,-1.1182,-1.1182
0.0,1.1896,0.0,0.0,0.6128,0.0,0.0,0.0,-0.5387,-0.5387,-0.6562,0.0,0.0,-1.1223,-1.1223,-1.1223,-1.1223,-1.1223,-1.1223,1.1896,0.0,0.0,0.6128,0.0,0.0,0.0,-1.0624,-0.3928,-0.9577,0.0,0.0,-0.9277,-1.1746,-1.1223,-1.1223,-1.1223,-1.1223
0.0,1.1939,0.0,0.0,0.615,0.0,0.0,0.0,-0.5407,-0.5407,-0.6585,0.0,0.0,-1.1264,-1.1264,-1.1264,-1.1264,-1.1264,-1.1264,1.1939,0.0,0.0,0.615,0.0,0.0,0.0,-1.0663,-0.3942,-0.9612,0.0,0.0,-0.9311,-1.1789,-1.1264,-1.1264,-1.1264,-1.1264
0.0,1.1983,0.0,0.0,0.6172,0.0,0.0,0.0,-0.5426,-0.5426,-0.6609,0.0,0.0,-1.1304,-1.1304,-1.1304,-1.1304,-1.1304,-1.1304,1.1983,0.0,0.0,0.6172,0.0,0.0,0.0,-1.0701,-0.3957,-0.9646,0.0,0.0,-0.9345,-1.1832,-1.1304,-1.1304,-1.1304,-1.1304
0.0,1.2026,0.0,0.0,0.6194,0.0,0.0,0.0,-0.5446,-0.5446,-0.6633,0.0,0.0,-1.1345,-1.1345,-1.1345,-1.1345,-1.1345,-1.1345,1.2026,0.0,0.0,0.6194,0.0,0.0,0.0,-1.074,-0.3971,-0.9681,0.0,0.0,-0.9379,-1.1874,-1.1345,-1.1345,-1.1345,-1.1345
0.0,1.2069,0.0,0.0,0.6216,0.0,0.0,0.0,-0.5465,-0.5465,-0.6657,0.0,0.0,-1.1385,-1.1385,-1.1385,-1.1385,-1.1385,-1.1385,1.2069,0.0,0.0,0.6216,0.0,0.0,0.0,-1.0778,-0.3985,-0.9716,0.0,0.0,-0.9412,-1.1917,-1.1385,-1.1385,-1.1385,-1.1385
0.0,1.2111,0.0,0.0,0.6238,0.0,0.0,0.0,-0.5484,-0.5484,-0.668,0.0,0.0,-1.1426,-1.1426,-1.1426,-1.1426,-1.1426,-1.1426,1.2111,0.0,0.0,0.6238,0.0,0.0,0.0,-1.0816,-0.3999,-0.975,0.0,0.0,-0.9445,-1.1959,-1.1426,-1.1426,-1.1426,-1.1426
0.0,1.2154,0.0,0.0,0.626,0.0,0.0,0.0,-0.5504,-0.5504,-0.6704,0.0,0.0,-1.1466,-1.1466,-1.1466,-1.1466,-1.1466,-1.1466,1.2154,0.0,0.0,0.626,0.0,0.0,0.0,-1.0854,-0.4013,-0.9784,0.0,0.0,-0.9479,-1.2001,-1.1466,-1.1466,-1.1466,-1.1466
0.0,1.2196,0.0,0.0,0.6282,0.0,0.0,0.0,-0.5523,-0.5523,-0.6727,0.0,0.0,-1.1506,-1.1506,-1.1506,-1.1506,-1.1506,-1.1506,1.2196,0.0,0.0,0.6282,0.0,0.0,0.0,-1.0892,-0.4027,-0.9818,0.0,0.0,-0.9512,-1.2043,-1.1506,-1.1506,-1.1506,-1.1506
0.0,1.2239,0.0,0.0,0.6304,0.0,0.0,0.0,-0.5542,-0.5542,-0.675,0.0,0.0,-1.1546,-1.1546,-1.1546,-1.1546,-1.1546,-1.1546,1.2239,0.0,0.0,0.6304,0.0,0.0,0.0,-1.093,-0.4041,-0.9852,0.0,0.0,-0.9545,-1.2085,-1.1546,-1.1546,-1.1546,-1.1546
0.0,1.2281,0.0,0.0,0.6326,0.0,0.0,0.0,-0.5561,-0.5561,-0.6774,0.0,0.0,-1.1585,-1.1585,-1.1585,-1.1585,-1.1585,-1.1585,1.2281,0.0,0.0,0.6326,0.0,0.0,0.0,-1.0968,-0.4055,-0.9886,0.0,0.0,-0.9577,-1.2126,-1.1585,-1.1585,-1.1585,-1.1585
0.0,1.2322,0.0,0.0,0.6347,0.0,0.0,0.0,-0.558,-0.558,-0.6797,0.0,0.0,-1.1625,-1.1625,-1.1625,-1.1625,-1.1625,-1.1625,1.2322,0.0,0.0,0.6347,0.0,0.0,0.0,-1.1005,-0.4069,-0.992,0.0,0.0,-0.961,-1.2167,-1.1625,-1.1625,-1.1625,-1.1625
0.0,1.2364,0.0,0.0,0.6369,0.0,0.0,0.0,-0.5599,-0.5599,-0.682,0.0,0.0,-1.1664,-1.1664,-1.1664,-1.1664,-1.1664,-1.1664,1.2364,0.0,0.0,0.6369,0.0,0.0,0.0,-1.1042,-0.4083,-0.9954,0.0,0.0,-0.9643,-1.2209,-1.1664,-1.1664,-1.1664,-1.1664
0.0,1.2406,0.0,0.0,0.639,0.0,0.0,0.0,-0.5618,-0.5618,-0.6843,0.0,0.0,-1.1704,-1.1704,-1.1704,-1.1704,-1.1704,-1.1704,1.2406,0.0,0.0,0.639,0.0,0.0,0.0,-1.1079,-0.4096,-0.9987,0.0,0.0,-0.9675,-1.225,-1.1704,-1.1704,-1.1704,-1.1704
0.0,1.2447,0.0,0.0,0.6411,0.0,0.0,0.0,-0.5636,-0.5636,-0.6865,0.0,0.0,-1.1743,-1.1743,-1.1743,-1.1743,-1.1743,-1.1743,1.2447,0.0,0.0,0.6411,0.0,0.0,0.0,-1.1116,-0.411,-1.002,0.0,0.0,-0.9707,-1.2291,-1.1743,-1.1743,-1.1743,-1.1743
0.0,1.2488,0.0,0.0,0.6433,0.0,0.0,0.0,-0.5655,-0.5655,-0.6888,0.0,0.0,-1.1781,-1.1781,-1.1781,-1.1781,-1.1781,-1.1781,1.2488,0.0,0.0,0.6433,0.0,0.0,0.0,-1.1153,-0.4123,-1.0053,0.0,0.0,-0.9739,-1.2331,-1.1781,-1.1781,-1.1781,-1.1781
0.0,1.2529,0.0,0.0,0.6454,0.0,0.0,0.0,-0.5674,-0.5674,-0.6911,0.0,0.0,-1.182,-1.182,-1.182,-1.182,-1.182,-1.182,1.2529,0.0,0.0,0.6454,0.0,0.0,0.0,-1.119,-0.4137,-1.0086,0.0,0.0,-0.9771,-1.2372,-1.182,-1.182,-1.182,-1.182
0.0,1.257,0.0,0.0,0.6475,0.0,0.0,0.0,-0.5692,-0.5692,-0.6933,0.0,0.0,-1.1859,-1.1859,-1.1859,-1.1859,-1.1859,-1.1859,1.257,0.0,0.0,0.6475,0.0,0.0,0.0,-1.1226,-0.4151,-1.0119,0.0,0.0,-0.9803,-1.2412,-1.1859,-1.1859,-1.1859,-1.1859
0.0,1.2611,0.0,0.0,0.6496,0.0,0.0,0.0,-0.5711,-0.5711,-0.6956,0.0,0.0,-1.1897,-1.1897,-1.1897,-1.1897,-1.1897,-1.1897,1.2611,0.0,0.0,0.6496,0.0,0.0,0.0,-1.1262,-0.4164,-1.0152,0.0,0.0,-0.9835,-1.2452,-1.1897,-1.1897,-1.1897,-1.1897
0.0,1.2651,0.0,0.0,0.6517,0.0,0.0,0.0,-0.5729,-0.5729,-0.6978,0.0,0.0,-1.1935,-1.1935,-1.1935,-1.1935,-1.1935,-1.1935,1.2651,0.0,0.0,0.6517,0.0,0.0,0.0,-1.1299,-0.4177,-1.0185,0.0,0.0,-0.9866,-1.2492,-1.1935,-1.1935,-1.1935,-1.1935
0.0,1.2691,0.0,0.0,0.6537,0.0,0.0,0.0,-0.5747,-0.5747,-0.7,0.0,0.0,-1.1973,-1.1973,-1.1973,-1.1973,-1.1973,-1.1973,1.2691,0.0,0.0,0.6537,0.0,0.0,0.0,-1.1335,-0.4191,-1.0217,0.0,0.0,-0.9898,-1.2532,-1.1973,-1.1973,-1.1973,-1.1973
0.0,1.2732,0.0,0.0,0.6558,0.0,0.0,0.0,-0.5765,-0.5765,-0.7022,0.0,0.0,-1.2011,-1.2011,-1.2011,-1.2011,-1.2011,-1.2011,1.2732,0.0,0.0,0.6558,0.0,0.0,0.0,-1.137,-0.4204,-1.0249,0.0,0.0,-0.9929,-1.2571,-1.2011,-1.2011,-1.2011,-1.2011
0.0,1.2771,0.0,0.0,0.6578,0.0,0.0,0.0,-0.5783,-0.5783,-0.7044,0.0,0.0,-1.2049,-1.2049,-1.2049,-1.2049,-1.2049,-1.2049,1.2771,0.0,0.0,0.6578,0.0,0.0,0.0,-1.1406,-0.4217,-1.0281,0.0,0.0,-0.996,-1.2611,-1.2049,-1.2049,-1.2049,-1.2049
0.0,1.2811,0.0,0.0,0.6599,0.0,0.0,0.0,-0.5801,-0.5801,-0.7066,0.0,0.0,-1.2086,-1.2086,-1.2086,-1.2086,-1.2086,-1.2086,1.2811,0.0,0.0,0.6599,0.0,0.0,0.0,-1.1441,-0.423,-1.0313,0.0,0.0,-0.9991,-1.265,-1.2086,-1.2086,-1.2086,-1.2086
0.0,1.2851,0.0,0.0,0.6619,0.0,0.0,0.0,-0.5819,-0.5819,-0.7088,0.0,0.0,-1.2123,-1.2123,-1.2123,-1.2123,-1.2123,-1.2123,1.2851,0.0,0.0,0.6619,0.0,0.0,0.0,-1.1477,-0.4243,-1.0345,0.0,0.0,-1.0022,-1.2689,-1.2123,-1.2123,-1.2123,-1.2123
0.0,1.289,0.0,0.0,0.664,0.0,0.0,0.0,-0.5837,-0.5837,-0.711,0.0,0.0,-1.216,-1.216,-1.216,-1.216,-1.216,-1.216,1.289,0.0,0.0,0.664,0.0,0.0,0.0,-1.1512,-0.4256,-1.0377,0.0,0.0,-1.0053,-1.2728,-1.216,-1.216,-1.216,-1.216
0.0,1.2929,0.0,0.0,0.666,0.0,0.0,0.0,-0.5855,-0.5855,-0.7131,0.0,0.0,-1.2197,-1.2197,-1.2197,-1.2197,-1.2197,-1.2197,1.2929,0.0,0.0,0.666,0.0,0.0,0.0,-1.1547,-0.4269,-1.0408,0.0,0.0,-1.0083,-1.2766,-1.2197,-1.2197,-1.2197,-1.2197
0.0,1.2968,0.0,0.0,0.668,0.0,0.0,0.0,-0.5872,-0.5872,-0.7153,0.0,0.0,-1.2234,-1.2234,-1.2234,-1.2234,-1.2234,-1.2234,1.2968,0.0,0.0,0.668,0.0,0.0,0.0,-1.1581,-0.4282,-1.044,0.0,0.0,-1.0113,-1.2805,-1.2234,-1.2234,-1.2234,-1.2234
0.0,1.3007,0.0,0.0,0.67,0.0,0.0,0.0,-0.589,-0.589,-0.7174,0.0,0.0,-1.227,-1.227,-1.227,-1.227,-1.227,-1.227,1.3007,0.0,0.0,0.67,0.0,0.0,0.0,-1.1616,-0.4295,-1.0471,0.0,0.0,-1.0144,-1.2843,-1.227,-1.227,-1.227,-1.227
0.0,1.3045,0.0,0.0,0.672,0.0,0.0,0.0,-0.5907,-0.5907,-0.7195,0.0,0.0,-1.2307,-1.2307,-1.2307,-1.2307,-1.2307,-1.2307,1.3045,0.0,0.0,0.672,0.0,0.0,0.0,-1.165,-0.4307,-1.0502,0.0,0.0,-1.0174,-1.2881,-1.2307,-1.2307,-1.2307,-1.2307
0.0,1.3084,0.0,0.0,0.6739,0.0,0.0,0.0,-0.5925,-0.5925,-0.7217,0.0,0.0,-1.2343,-1.2343,-1.2343,-1.2343,-1.2343,-1.2343,1.3084,0.0,0.0,0.6739,0.0,0.0,0.0,-1.1685,-0.432,-1.0533,0.0,0.0,-1.0204,-1.2919,-1.2343,-1.2343,-1.2343,-1.2343
0.0,1.3122,0.0,0.0,0.6759,0.0,0.0,0.0,-0.5942,-0.5942,-0.7238,0.0,0.0,-1.2379,-1.2379,-1.2379,-1.2379,-1.2379,-1.2379,1.3122,0.0,0.0,0.6759,0.0,0.0,0.0,-1.1719,-0.4333,-1.0563,0.0,0.0,-1.0233,-1.2957,-1.2379,-1.2379,-1.2379,-1.2379
0.0,1.316,0.0,0.0,0.6778,0.0,0.0,0.0,-0.5959,-0.5959,-0.7258,0.0,0.0,-1.2415,-1.2415,-1.2415,-1.2415,-1.2415,-1.2415,1.316,0.0,0.0,0.6778,0.0,0.0,0.0,-1.1753,-0.4345,-1.0594,0.0,0.0,-1.0263,-1.2994,-1.2415,-1.2415,-1.2415,-1.2415
0.0,1.3197,0.0,0.0,0.6798,0.0,0.0,0.0,-0.5976,-0.5976,-0.7279,0.0,0.0,-1.245,-1.245,-1.245,-1.245,-1.245,-1.245,1.3197,0.0,0.0,0.6798,0.0,0.0,0.0,-1.1786,-0.4358,-1.0624,0.0,0.0,-1.0292,-1.3031,-1.245,-1.245,-1.245,-1.245
0.0,1.3235,0.0,0.0,0.6817,0.0,0.0,0.0,-0.5993,-0.5993,-0.73,0.0,0.0,-1.2486,-1.2486,-1.2486,-1.2486,-1.2486,-1.2486,1.3235,0.0,0.0,0.6817,0.0,0.0,0.0,-1.182,-0.437,-1.0654,0.0,0.0,-1.0321,-1.3068,-1.2486,-1.2486,-1.2486,-1.2486
0.0,1.3272,0.0,0.0,0.6836,0.0,0.0,0.0,-0.601,-0.601,-0.7321,0.0,0.0,-1.2521,-1.2521,-1.2521,-1.2521,-1.2521,-1.2521,1.3272,0.0,0.0,0.6836,0.0,0.0,0.0,-1.1853,-0.4382,-1.0684,0.0,0.0,-1.0351,-1.3105,-1.2521,-1.2521,-1.2521,-1.2521
0.0,1.3309,0.0,0.0,0.6855,0.0,0.0,0.0,-0.6027,-0.6027,-0.7341,0.0,0.0,-1.2556,-1.2556,-1.2556,-1.2556,-1.2556,-1.2556,1.3309,0.0,0.0,0.6855,0.0,0.0,0.0,-1.1886,-0.4395,-1.0714,0.0,0.0,-1.0379,-1.3142,-1.2556,-1.2556,-1.2556,-1.2556
0.0,1.3346,0.0,0.0,0.6874,0.0,0.0,0.0,-0.6043,-0.6043,-0.7361,0.0,0.0,-1.2591,-1.2591,-1.2591,-1.2591,-1.2591,-1.2591,1.3346,0.0,0.0,0.6874,0.0,0.0,0.0,-1.1919,-0.4407,-1.0744,0.0,0.0,-1.0408,-1.3178,-1.2591,-1.2591,-1.2591,-1.2591
0.0,1.3383,0.0,0.0,0.6893,0.0,0.0,0.0,-0.606,-0.606,-0.7382,0.0,0.0,-1.2625,-1.2625,-1.2625,-1.2625,-1.2625,-1.2625,1.3383,0.0,0.0,0.6893,0.0,0.0,0.0,-1.1952,-0.4419,-1.0773,0.0,0.0,-1.0437,-1.3214,-1.2625,-1.2625,-1.2625,-1.2625
0.0,1.3419,0.0,0.0,0.6912,0.0,0.0,0.0,-0.6077,-0.6077,-0.7402,0.0,0.0,-1.266,-1.266,-1.266,-1.266,-1.266,-1.266,1.3419,0.0,0.0,0.6912,0.0,0.0,0.0,-1.1984,-0.4431,-1.0803,0.0,0.0,-1.0465,-1.325,-1.266,-1.266,-1.266,-1.266
0.0,1.3455,0.0,0.0,0.6931,0.0,0.0,0.0,-0.6093,-0.6093,-0.7422,0.0,0.0,-1.2694,-1.2694,-1.2694,-1.2694,-1.2694,-1.2694,1.3455,0.0,0.0,0.6931,0.0,0.0,0.0,-1.2017,-0.4443,-1.0832,0.0,0.0,-1.0493,-1.3286,-1.2694,-1.2694,-1.2694,-1.2694
0.0,1.3491,0.0,0.0,0.6949,0.0,0.0,0.0,-0.6109,-0.6109,-0.7441,0.0,0.0,-1.2728,-1.2728,-1.2728,-1.2728,-1.2728,-1.2728,1.3491,0.0,0.0,0.6949,0.0,0.0,0.0,-1.2049,-0.4455,-1.0861,0.0,0.0,-1.0522,-1.3322,-1.2728,-1.2728,-1.2728,-1.2728
0.0,1.3527,0.0,0.0,0.6968,0.0,0.0,0.0,-0.6125,-0.6125,-0.7461,0.0,0.0,-1.2761,-1.2761,-1.2761,-1.2761,-1.2761,-1.2761,1.3527,0.0,0.0,0.6968,0.0,0.0,0.0,-1.2081,-0.4466,-1.089,0.0,0.0,-1.0549,-1.3357,-1.2761,-1.2761,-1.2761,-1.2761
0.0,1.3563,0.0,0.0,0.6986,0.0,0.0,0.0,-0.6142,-0.6142,-0.7481,0.0,0.0,-1.2795,-1.2795,-1.2795,-1.2795,-1.2795,-1.2795,1.3563,0.0,0.0,0.6986,0.0,0.0,0.0,-1.2113,-0.4478,-1.0918,0.0,0.0,-1.0577,-1.3392,-1.2795,-1.2795,-1.2795,-1.2795
0.0,1.3598,0.0,0.0,0.7004,0.0,0.0,0.0,-0.6158,-0.6158,-0.75,0.0,0.0,-1.2828,-1.2828,-1.2828,-1.2828,-1.2828,-1.2828,1.3598,0.0,0.0,0.7004,0.0,0.0,0.0,-1.2144,-0.449,-1.0947,0.0,0.0,-1.0605,-1.3427,-1.2828,-1.2828,-1.2828,-1.2828
0.0,1.3633,0.0,0.0,0.7022,0.0,0.0,0.0,-0.6173,-0.6173,-0.752,0.0,0.0,-1.2861,-1.2861,-1.2861,-1.2861,-1.2861,-1.2861,1.3633,0.0,0.0,0.7022,0.0,0.0,0.0,-1.2175,-0.4501,-1.0975,0.0,0.0,-1.0632,-1.3462,-1.2861,-1.2861,-1.2861,-1.2861
0.0,1.3668,0.0,0.0,0.704,0.0,0.0,0.0,-0.6189,-0.6189,-0.7539,0.0,0.0,-1.2894,-1.2894,-1.2894,-1.2894,-1.2894,-1.2894,1.3668,0.0,0.0,0.704,0.0,0.0,0.0,-1.2207,-0.4513,-1.1003,0.0,0.0,-1.0659,-1.3496,-1.2894,-1.2894,-1.2894,-1.2894
0.0,1.3703,0.0,0.0,0.7058,0.0,0.0,0.0,-0.6205,-0.6205,-0.7558,0.0,0.0,-1.2927,-1.2927,-1.2927,-1.2927,-1.2927,-1.2927,1.3703,0.0,0.0,0.7058,0.0,0.0,0.0,-1.2238,-0.4524,-1.1031,0.0,0.0,-1.0686,-1.353,-1.2927,-1.2927,-1.2927,-1.2927
0.0,1.3737,0.0,0.0,0.7076,0.0,0.0,0.0,-0.6221,-0.6221,-0.7577,0.0,0.0,-1.296,-1.296,-1.296,-1.296,-1.296,-1.296,1.3737,0.0,0.0,0.7076,0.0,0.0,0.0,-1.2268,-0.4536,-1.1059,0.0,0.0,-1.0713,-1.3564,-1.296,-1.296,-1.296,-1.296
0.0,1.3771,0.0,0.0,0.7094,0.0,0.0,0.0,-0.6236,-0.6236,-0.7596,0.0,0.0,-1.2992,-1.2992,-1.2992,-1.2992,-1.2992,-1.2992,1.3771,0.0,0.0,0.7094,0.0,0.0,0.0,-1.2299,-0.4547,-1.1086,0.0,0.0,-1.074,-1.3598,-1.2992,-1.2992,-1.2992,-1.2992
0.0,1.3805,0.0,0.0,0.7111,0.0,0.0,0.0,-0.6251,-0.6251,-0.7615,0.0,0.0,-1.3024,-1.3024,-1.3024,-1.3024,-1.3024,-1.3024,1.3805,0.0,0.0,0.7111,0.0,0.0,0.0,-1.2329,-0.4558,-1.1114,0.0,0.0,-1.0766,-1.3632,-1.3024,-1.3024,-1.3024,-1.3024
0.0,1.3839,0.0,0.0,0.7128,0.0,0.0,0.0,-0.6267,-0.6267,-0.7633,0.0,0.0,-1.3056,-1.3056,-1.3056,-1.3056,-1.3056,-1.3056,1.3839,0.0,0.0,0.7128,0.0,0.0,0.0,-1.2359,-0.4569,-1.1141,0.0,0.0,-1.0793,-1.3665,-1.3056,-1.3056,-1.3056,-1.3056
0.0,1.3872,0.0,0.0,0.7146,0.0,0.0,0.0,-0.6282,-0.6282,-0.7652,0.0,0.0,-1.3087,-1.3087,-1.3087,-1.3087,-1.3087,-1.3087,1.3872,0.0,0.0,0.7146,0.0,0.0,0.0,-1.2389,-0.4581,-1.1168,0.0,0.0,-1.0819,-1.3698,-1.3087,-1.3087,-1.3087,-1.3087
0.0,1.3906,0.0,0.0,0.7163,0.0,0.0,0.0,-0.6297,-0.6297,-0.767,0.0,0.0,-1.3119,-1.3119,-1.3119,-1.3119,-1.3119,-1.3119,1.3906,0.0,0.0,0.7163,0.0,0.0,0.0,-1.2419,-0.4592,-1.1195,0.0,0.0,-1.0845,-1.3731,-1.3119,-1.3119,-1.3119,-1.3119
0.0,1.3939,0.0,0.0,0.718,0.0,0.0,0.0,-0.6312,-0.6312,-0.7688,0.0,0.0,-1.315,-1.315,-1.315,-1.315,-1.315,-1.315,1.3939,0.0,0.0,0.718,0.0,0.0,0.0,-1.2448,-0.4602,-1.1221,0.0,0.0,-1.0871,-1.3763,-1.315,-1.315,-1.315,-1.315
0.0,1.3972,0.0,0.0,0.7197,0.0,0.0,0.0,-0.6327,-0.6327,-0.7706,0.0,0.0,-1.3181,-1.3181,-1.3181,-1.3181,-1.3181,-1.3181,1.3972,0.0,0.0,0.7197,0.0,0.0,0.0,-1.2478,-0.4613,-1.1248,0.0,0.0,-1.0896,-1.3796,-1.3181,-1.3181,-1.3181,-1.3181
0.0,1.4004,0.0,0.0,0.7213,0.0,0.0,0.0,-0.6342,-0.6342,-0.7724,0.0,0.0,-1.3211,-1.3211,-1.3211,-1.3211,-1.3211,-1.3211,1.4004,0.0,0.0,0.7213,0.0,0.0,0.0,-1.2507,-0.4624,-1.1274,0.0,0.0,-1.0921,-1.3828,-1.3211,-1.3211,-1.3211,-1.3211
0.0,1.4036,0.0,0.0,0.723,0.0,0.0,0.0,-0.6356,-0.6356,-0.7742,0.0,0.0,-1.3242,-1.3242,-1.3242,-1.3242,-1.3242,-1.3242,1.4036,0.0,0.0,0.723,0.0,0.0,0.0,-1.2536,-0.4635,-1.13,0.0,0.0,-1.0947,-1.386,-1.3242,-1.3242,-1.3242,-1.3242
0.0,1.4069,0.0,0.0,0.7247,0.0,0.0,0.0,-0.6371,-0.6371,-0.776,0.0,0.0,-1.3272,-1.3272,-1.3272,-1.3272,-1.3272,-1.3272,1.4069,0.0,0.0,0.7247,0.0,0.0,0.0,-1.2564,-0.4645,-1.1326,0.0,0.0,-1.0972,-1.3892,-1.3272,-1.3272,-1.3272,-1.3272
0.0,1.41,0.0,0.0,0.7263,0.0,0.0,0.0,-0.6385,-0.6385,-0.7777,0.0,0.0,-1.3302,-1.3302,-1.3302,-1.3302,-1.3302,-1.3302,1.41,0.0,0.0,0.7263,0.0,0.0,0.0,-1.2593,-0.4656,-1.1351,0.0,0.0,-1.0997,-1.3923,-1.3302,-1.3302,-1.3302,-1.3302
0.0,1.4132,0.0,0.0,0.7279,0.0,0.0,0.0,-0.6399,-0.6399,-0.7795,0.0,0.0,-1.3332,-1.3332,-1.3332,-1.3332,-1.3332,-1.3332,1.4132,0.0,0.0,0.7279,0.0,0.0,0.0,-1.2621,-0.4666,-1.1377,0.0,0.0,-1.1021,-1.3954,-1.3332,-1.3332,-1.3332,-1.3332
0.0,1.4163,0.0,0.0,0.7295,0.0,0.0,0.0,-0.6414,-0.6414,-0.7812,0.0,0.0,-1.3362,-1.3362,-1.3362,-1.3362,-1.3362,-1.3362,1.4163,0.0,0.0,0.7295,0.0,0.0,0.0,-1.2649,-0.4677,-1.1402,0.0,0.0,-1.1046,-1.3985,-1.3362,-1.3362,-1.3362,-1.3362
0.0,1.4194,0.0,0.0,0.7311,0.0,0.0,0.0,-0.6428,-0.6428,-0.7829,0.0,0.0,-1.3391,-1.3391,-1.3391,-1.3391,-1.3391,-1.3391,1.4194,0.0,0.0,0.7311,0.0,0.0,0.0,-1.2677,-0.4687,-1.1427,0.0,0.0,-1.107,-1.4016,-1.3391,-1.3391,-1.3391,-1.3391
0.0,1.4225,0.0,0.0,0.7327,0.0,0.0,0.0,-0.6442,-0.6442,-0.7846,0.0,0.0,-1.342,-1.342,-1.342,-1.342,-1.342,-1.342,1.4225,0.0,0.0,0.7327,0.0,0.0,0.0,-1.2704,-0.4697,-1.1452,0.0,0.0,-1.1094,-1.4046,-1.342,-1.342,-1.342,-1.342
0.0,1.4256,0.0,0.0,0.7343,0.0,0.0,0.0,-0.6455,-0.6455,-0.7863,0.0,0.0,-1.3449,-1.3449,-1.3449,-1.3449,-1.3449,-1.3449,1.4256,0.0,0.0,0.7343,0.0,0.0,0.0,-1.2732,-0.4707,-1.1476,0.0,0.0,-1.1118,-1.4077,-1.3449,-1.3449,-1.3449,-1.3449
0.0,1.4286,0.0,0.0,0.7359,0.0,0.0,0.0,-0.6469,-0.6469,-0.788,0.0,0.0,-1.3478,-1.3478,-1.3478,-1.3478,-1.3478,-1.3478,1.4286,0.0,0.0,0.7359,0.0,0.0,0.0,-1.2759,-0.4717,-1.1501,0.0,0.0,-1.1141,-1.4107,-1.3478,-1.3478,-1.3478,-1.3478
0.0,1.4316,0.0,0.0,0.7374,0.0,0.0,0.0,-0.6483,-0.6483,-0.7897,0.0,0.0,-1.3506,-1.3506,-1.3506,-1.3506,-1.3506,-1.3506,1.4316,0.0,0.0,0.7374,0.0,0.0,0.0,-1.2786,-0.4727,-1.1525,0.0,0.0,-1.1165,-1.4136,-1.3506,-1.3506,-1.3506,-1.3506
0.0,1.4346,0.0,0.0,0.739,0.0,0.0,0.0,-0.6496,-0.6496,-0.7913,0.0,0.0,-1.3534,-1.3534,-1.3534,-1.3534,-1.3534,-1.3534,1.4346,0.0,0.0,0.739,0.0,0.0,0.0,-1.2812,-0.4737,-1.1549,0.0,0.0,-1.1188,-1.4166,-1.3534,-1.3534,-1.3534,-1.3534
0.0,1.4376,0.0,0.0,0.7405,0.0,0.0,0.0,-0.651,-0.651,-0.7929,0.0,0.0,-1.3562,-1.3562,-1.3562,-1.3562,-1.3562,-1.3562,1.4376,0.0,0.0,0.7405,0.0,0.0,0.0,-1.2839,-0.4747,-1.1573,0.0,0.0,-1.1211,-1.4195,-1.3562,-1.3562,-1.3562,-1.3562
0.0,1.4405,0.0,0.0,0.742,0.0,0.0,0.0,-0.6523,-0.6523,-0.7945,0.0,0.0,-1.359,-1.359,-1.359,-1.359,-1.359,-1.359,1.4405,0.0,0.0,0.742,0.0,0.0,0.0,-1.2865,-0.4756,-1.1597,0.0,0.0,-1.1234,-1.4224,-1.359,-1.359,-1.359,-1.359
0.0,1.4434,0.0,0.0,0.7435,0.0,0.0,0.0,-0.6536,-0.6536,-0.7962,0.0,0.0,-1.3617,-1.3617,-1.3617,-1.3617,-1.3617,-1.3617,1.4434,0.0,0.0,0.7435,0.0,0.0,0.0,-1.2891,-0.4766,-1.162,0.0,0.0,-1.1257,-1.4253,-1.3617,-1.3617,-1.3617,-1.3617
0.0,1.4463,0.0,0.0,0.745,0.0,0.0,0.0,-0.6549,-0.6549,-0.7977,0.0,0.0,-1.3644,-1.3644,-1.3644,-1.3644,-1.3644,-1.3644,1.4463,0.0,0.0,0.745,0.0,0.0,0.0,-1.2917,-0.4776,-1.1643,0.0,0.0,-1.1279,-1.4281,-1.3644,-1.3644,-1.3644,-1.3644
0.0,1.4492,0.0,0.0,0.7465,0.0,0.0,0.0,-0.6562,-0.6562,-0.7993,0.0,0.0,-1.3671,-1.3671,-1.3671,-1.3671,-1.3671,-1.3671,1.4492,0.0,0.0,0.7465,0.0,0.0,0.0,-1.2942,-0.4785,-1.1666,0.0,0.0,-1.1302,-1.4309,-1.3671,-1.3671,-1.3671,-1.3671
0.0,1.452,0.0,0.0,0.7479,0.0,0.0,0.0,-0.6575,-0.6575,-0.8009,0.0,0.0,-1.3698,-1.3698,-1.3698,-1.3698,-1.3698,-1.3698,1.452,0.0,0.0,0.7479,0.0,0.0,0.0,-1.2967,-0.4794,-1.1689,0.0,0.0,-1.1324,-1.4337,-1.3698,-1.3698,-1.3698,-1.3698
0.0,1.4548,0.0,0.0,0.7494,0.0,0.0,0.0,-0.6588,-0.6588,-0.8024,0.0,0.0,-1.3725,-1.3725,-1.3725,-1.3725,-1.3725,-1.3725,1.4548,0.0,0.0,0.7494,0.0,0.0,0.0,-1.2993,-0.4804,-1.1712,0.0,0.0,-1.1346,-1.4365,-1.3725,-1.3725,-1.3725,-1.3725
0.0,1.4576,0.0,0.0,0.7508,0.0,0.0,0.0,-0.66,-0.66,-0.804,0.0,0.0,-1.3751,-1.3751,-1.3751,-1.3751,-1.3751,-1.3751,1.4576,0.0,0.0,0.7508,0.0,0.0,0.0,-1.3017,-0.4813,-1.1734,0.0,0.0,-1.1367,-1.4392,-1.3751,-1.3751,-1.3751,-1.3751
0.0,1.4603,0.0,0.0,0.7522,0.0,0.0,0.0,-0.6613,-0.6613,-0.8055,0.0,0.0,-1.3777,-1.3777,-1.3777,-1.3777,-1.3777,-1.3777,1.4603,0.0,0.0,0.7522,0.0,0.0,0.0,-1.3042,-0.4822,-1.1756,0.0,0.0,-1.1389,-1.442,-1.3777,-1.3777,-1.3777,-1.3777
0.0,1.4631,0.0,0.0,0.7536,0.0,0.0,0.0,-0.6625,-0.6625,-0.807,0.0,0.0,-1.3802,-1.3802,-1.3802,-1.3802,-1.3802,-1.3802,1.4631,0.0,0.0,0.7536,0.0,0.0,0.0,-1.3066,-0.4831,-1.1778,0.0,0.0,-1.141,-1.4447,-1.3802,-1.3802,-1.3802,-1.3802
0.0,1.4658,0.0,0.0,0.755,0.0,0.0,0.0,-0.6637,-0.6637,-0.8085,0.0,0.0,-1.3828,-1.3828,-1.3828,-1.3828,-1.3828,-1.3828,1.4658,0.0,0.0,0.755,0.0,0.0,0.0,-1.309,-0.484,-1.18,0.0,0.0,-1.1431,-1.4473,-1.3828,-1.3828,-1.3828,-1.3828
0.0,1.4684,0.0,0.0,0.7564,0.0,0.0,0.0,-0.6649,-0.6649,-0.8099,0.0,0.0,-1.3853,-1.3853,-1.3853,-1.3853,-1.3853,-1.3853,1.4684,0.0,0.0,0.7564,0.0,0.0,0.0,-1.3114,-0.4849,-1.1821,0.0,0.0,-1.1452,-1.45,-1.3853,-1.3853,-1.3853,-1.3853
0.0,1.4711,0.0,0.0,0.7577,0.0,0.0,0.0,-0.6661,-0.6661,-0.8114,0.0,0.0,-1.3878,-1.3878,-1.3878,-1.3878,-1.3878,-1.3878,1.4711,0.0,0.0,0.7577,0.0,0.0,0.0,-1.3138,-0.4857,-1.1843,0.0,0.0,-1.1473,-1.4526,-1.3878,-1.3878,-1.3878,-1.3878
0.0,1.4737,0.0,0.0,0.7591,0.0,0.0,0.0,-0.6673,-0.6673,-0.8129,0.0,0.0,-1.3903,-1.3903,-1.3903,-1.3903,-1.3903,-1.3903,1.4737,0.0,0.0,0.7591,0.0,0.0,0.0,-1.3161,-0.4866,-1.1864,0.0,0.0,-1.1493,-1.4552,-1.3903,-1.3903,-1.3903,-1.3903
0.0,1.4763,0.0,0.0,0.7604,0.0,0.0,0.0,-0.6685,-0.6685,-0.8143,0.0,0.0,-1.3927,-1.3927,-1.3927,-1.3927,-1.3927,-1.3927,1.4763,0.0,0.0,0.7604,0.0,0.0,0.0,-1.3184,-0.4875,-1.1885,0.0,0.0,-1.1513,-1.4577,-1.3927,-1.3927,-1.3927,-1.3927
0.0,1.4789,0.0,0.0,0.7618,0.0,0.0,0.0,-0.6697,-0.6697,-0.8157,0.0,0.0,-1.3951,-1.3951,-1.3951,-1.3951,-1.3951,-1.3951,1.4789,0.0,0.0,0.7618,0.0,0.0,0.0,-1.3207,-0.4883,-1.1905,0.0,0.0,-1.1533,-1.4603,-1.3951,-1.3951,-1.3951,-1.3951
0.0,1.4814,0.0,0.0,0.7631,0.0,0.0,0.0,-0.6708,-0.6708,-0.8171,0.0,0.0,-1.3975,-1.3975,-1.3975,-1.3975,-1.3975,-1.3975,1.4814,0.0,0.0,0.7631,0.0,0.0,0.0,-1.323,-0.4891,-1.1926,0.0,0.0,-1.1553,-1.4628,-1.3975,-1.3975,-1.3975,-1.3975
0.0,1.4839,0.0,0.0,0.7644,0.0,0.0,0.0,-0.672,-0.672,-0.8185,0.0,0.0,-1.3999,-1.3999,-1.3999,-1.3999,-1.3999,-1.3999,1.4839,0.0,0.0,0.7644,0.0,0.0,0.0,-1.3253,-0.49,-1.1946,0.0,0.0,-1.1573,-1.4652,-1.3999,-1.3999,-1.3999,-1.3999
0.0,1.4864,0.0,0.0,0.7656,0.0,0.0,0.0,-0.6731,-0.6731,-0.8199,0.0,0.0,-1.4023,-1.4023,-1.4023,-1.4023,-1.4023,-1.4023,1.4864,0.0,0.0,0.7656,0.0,0.0,0.0,-1.3275,-0.4908,-1.1966,0.0,0.0,-1.1592,-1.4677,-1.4023,-1.4023,-1.4023,-1.4023
0.0,1.4888,0.0,0.0,0.7669,0.0,0.0,0.0,-0.6742,-0.6742,-0.8212,0.0,0.0,-1.4046,-1.4046,-1.4046,-1.4046,-1.4046,-1.4046,1.4888,0.0,0.0,0.7669,0.0,0.0,0.0,-1.3297,-0.4916,-1.1986,0.0,0.0,-1.1611,-1.4701,-1.4046,-1.4046,-1.4046,-1.4046
0.0,1.4913,0.0,0.0,0.7681,0.0,0.0,0.0,-0.6753,-0.6753,-0.8225,0.0,0.0,-1.4069,-1.4069,-1.4069,-1.4069,-1.4069,-1.4069,1.4913,0.0,0.0,0.7681,0.0,0.0,0.0,-1.3318,-0.4924,-1.2005,0.0,0.0,-1.163,-1.4725,-1.4069,-1.4069,-1.4069,-1.4069
0.0,1.4937,0.0,0.0,0.7694,0.0,0.0,0.0,-0.6764,-0.6764,-0.8239,0.0,0.0,-1.4091,-1.4091,-1.4091,-1.4091,-1.4091,-1.4091,1.4937,0.0,0.0,0.7694,0.0,0.0,0.0,-1.334,-0.4932,-1.2025,0.0,0.0,-1.1649,-1.4749,-1.4091,-1.4091,-1.4091,-1.4091
0.0,1.4961,0.0,0.0,0.7706,0.0,0.0,0.0,-0.6775,-0.6775,-0.8252,0.0,0.0,-1.4114,-1.4114,-1.4114,-1.4114,-1.4114,-1.4114,1.4961,0.0,0.0,0.7706,0.0,0.0,0.0,-1.3361,-0.494,-1.2044,0.0,0.0,-1.1667,-1.4772,-1.4114,-1.4114,-1.4114,-1.4114
0.0,1.4984,0.0,0.0,0.7718,0.0,0.0,0.0,-0.6785,-0.6785,-0.8265,0.0,0.0,-1.4136,-1.4136,-1.4136,-1.4136,-1.4136,-1.4136,1.4984,0.0,0.0,0.7718,0.0,0.0,0.0,-1.3382,-0.4948,-1.2063,0.0,0.0,-1.1686,-1.4796,-1.4136,-1.4136,-1.4136,-1.4136
0.0,1.5007,0.0,0.0,0.773,0.0,0.0,0.0,-0.6796,-0.6796,-0.8278,0.0,0.0,-1.4158,-1.4158,-1.4158,-1.4158,-1.4158,-1.4158,1.5007,0.0,0.0,0.773,0.0,0.0,0.0,-1.3403,-0.4955,-1.2081,0.0,0.0,-1.1704,-1.4818,-1.4158,-1.4158,-1.4158,-1.4158
0.0,1.503,0.0,0.0,0.7742,0.0,0.0,0.0,-0.6806,-0.6806,-0.829,0.0,0.0,-1.4179,-1.4179,-1.4179,-1.4179,-1.4179,-1.4179,1.503,0.0,0.0,0.7742,0.0,0.0,0.0,-1.3423,-0.4963,-1.21,0.0,0.0,-1.1722,-1.4841,-1.4179,-1.4179,-1.4179,-1.4179
0.0,1.5053,0.0,0.0,0.7754,0.0,0.0,0.0,-0.6816,-0.6816,-0.8303,0.0,0.0,-1.4201,-1.4201,-1.4201,-1.4201,-1.4201,-1.4201,1.5053,0.0,0.0,0.7754,0.0,0.0,0.0,-1.3443,-0.497,-1.2118,0.0,0.0,-1.1739,-1.4863,-1.4201,-1.4201,-1.4201,-1.4201
0.0,1.5075,0.0,0.0,0.7765,0.0,0.0,0.0,-0.6826,-0.6826,-0.8315,0.0,0.0,-1.4222,-1.4222,-1.4222,-1.4222,-1.4222,-1.4222,1.5075,0.0,0.0,0.7765,0.0,0.0,0.0,-1.3463,-0.4978,-1.2136,0.0,0.0,-1.1757,-1.4885,-1.4222,-1.4222,-1.4222,-1.4222
0.0,1.5097,0.0,0.0,0.7776,0.0,0.0,0.0,-0.6836,-0.6836,-0.8327,0.0,0.0,-1.4243,-1.4243,-1.4243,-1.4243,-1.4243,-1.4243,1.5097,0.0,0.0,0.7776,0.0,0.0,0.0,-1.3483,-0.4985,-1.2154,0.0,0.0,-1.1774,-1.4907,-1.4243,-1.4243,-1.4243,-1.4243
0.0,1.5119,0.0,0.0,0.7788,0.0,0.0,0.0,-0.6846,-0.6846,-0.8339,0.0,0.0,-1.4263,-1.4263,-1.4263,-1.4263,-1.4263,-1.4263,1.5119,0.0,0.0,0.7788,0.0,0.0,0.0,-1.3502,-0.4992,-1.2171,0.0,0.0,-1.1791,-1.4929,-1.4263,-1.4263,-1.4263,-1.4263
0.0,1.514,0.0,0.0,0.7799,0.0,0.0,0.0,-0.6856,-0.6856,-0.8351,0.0,0.0,-1.4283,-1.4283,-1.4283,-1.4283,-1.4283,-1.4283,1.514,0.0,0.0,0.7799,0.0,0.0,0.0,-1.3522,-0.4999,-1.2188,0.0,0.0,-1.1808,-1.495,-1.4283,-1.4283,-1.4283,-1.4283
0.0,1.5162,0.0,0.0,0.781,0.0,0.0,0.0,-0.6866,-0.6866,-0.8363,0.0,0.0,-1.4303,-1.4303,-1.4303,-1.4303,-1.4303,-1.4303,1.5162,0.0,0.0,0.781,0.0,0.0,0.0,-1.3541,-0.5006,-1.2206,0.0,0.0,-1.1824,-1.4971,-1.4303,-1.4303,-1.4303,-1.4303
0.0,1.5183,0.0,0.0,0.782,0.0,0.0,0.0,-0.6875,-0.6875,-0.8374,0.0,0.0,-1.4323,-1.4323,-1.4323,-1.4323,-1.4323,-1.4323,1.5183,0.0,0.0,0.782,0.0,0.0,0.0,-1.3559,-0.5013,-1.2222,0.0,0.0,-1.184,-1.4992,-1.4323,-1.4323,-1.4323,-1.4323
0.0,1.5203,0.0,0.0,0.7831,0.0,0.0,0.0,-0.6884,-0.6884,-0.8386,0.0,0.0,-1.4343,-1.4343,-1.4343,-1.4343,-1.4343,-1.4343,1.5203,0.0,0.0,0.7831,0.0,0.0,0.0,-1.3578,-0.502,-1.2239,0.0,0.0,-1.1857,-1.5012,-1.4343,-1.4343,-1.4343,-1.4343
0.0,1.5224,0.0,0.0,0.7842,0.0,0.0,0.0,-0.6894,-0.6894,-0.8397,0.0,0.0,-1.4362,-1.4362,-1.4362,-1.4362,-1.4362,-1.4362,1.5224,0.0,0.0,0.7842,0.0,0.0,0.0,-1.3596,-0.5027,-1.2255,0.0,0.0,-1.1872,-1.5032,-1.4362,-1.4362,-1.4362,-1.4362
0.0,1.5244,0.0,0.0,0.7852,0.0,0.0,0.0,-0.6903,-0.6903,-0.8408,0.0,0.0,-1.4381,-1.4381,-1.4381,-1.4381,-1.4381,-1.4381,1.5244,0.0,0.0,0.7852,0.0,0.0,0.0,-1.3614,-0.5033,-1.2272,0.0,0.0,-1.1888,-1.5052,-1.4381,-1.4381,-1.4381,-1.4381
0.0,1.5263,0.0,0.0,0.7862,0.0,0.0,0.0,-0.6912,-0.6912,-0.8419,0.0,0.0,-1.4399,-1.4399,-1.4399,-1.4399,-1.4399,-1.4399,1.5263,0.0,0.0,0.7862,0.0,0.0,0.0,-1.3631,-0.504,-1.2287,0.0,0.0,-1.1903,-1.5071,-1.4399,-1.4399,-1.4399,-1.4399
0.0,1.5283,0.0,0.0,0.7872,0.0,0.0,0.0,-0.6921,-0.6921,-0.843,0.0,0.0,-1.4418,-1.4418,-1.4418,-1.4418,-1.4418,-1.4418,1.5283,0.0,0.0,0.7872,0.0,0.0,0.0,-1.3649,-0.5046,-1.2303,0.0,0.0,-1.1919,-1.5091,-1.4418,-1.4418,-1.4418,-1.4418
0.0,1.5302,0.0,0.0,0.7882,0.0,0.0,0.0,-0.6929,-0.6929,-0.844,0.0,0.0,-1.4436,-1.4436,-1.4436,-1.4436,-1.4436,-1.4436,1.5302,0.0,0.0,0.7882,0.0,0.0,0.0,-1.3666,-0.5053,-1.2319,0.0,0.0,-1.1934,-1.511,-1.4436,-1.4436,-1.4436,-1.4436
0.0,1.5321,0.0,0.0,0.7892,0.0,0.0,0.0,-0.6938,-0.6938,-0.8451,0.0,0.0,-1.4454,-1.4454,-1.4454,-1.4454,-1.4454,-1.4454,1.5321,0.0,0.0,0.7892,0.0,0.0,0.0,-1.3683,-0.5059,-1.2334,0.0,0.0,-1.1948,-1.5128,-1.4454,-1.4454,-1.4454,-1.4454
0.0,1.534,0.0,0.0,0.7901,0.0,0.0,0.0,-0.6946,-0.6946,-0.8461,0.0,0.0,-1.4471,-1.4471,-1.4471,-1.4471,-1.4471,-1.4471,1.534,0.0,0.0,0.7901,0.0,0.0,0.0,-1.3699,-0.5065,-1.2349,0.0,0.0,-1.1963,-1.5147,-1.4471,-1.4471,-1.4471,-1.4471
0.0,1.5358,0.0,0.0,0.7911,0.0,0.0,0.0,-0.6954,-0.6954,-0.8471,0.0,0.0,-1.4489,-1.4489,-1.4489,-1.4489,-1.4489,-1.4489,1.5358,0.0,0.0,0.7911,0.0,0.0,0.0,-1.3716,-0.5071,-1.2364,0.0,0.0,-1.1977,-1.5165,-1.4489,-1.4489,-1.4489,-1.4489
0.0,1.5376,0.0,0.0,0.792,0.0,0.0,0.0,-0.6963,-0.6963,-0.8481,0.0,0.0,-1.4506,-1.4506,-1.4506,-1.4506,-1.4506,-1.4506,1.5376,0.0,0.0,0.792,0.0,0.0,0.0,-1.3732,-0.5077,-1.2378,0.0,0.0,-1.1991,-1.5182,-1.4506,-1.4506,-1.4506,-1.4506
0.0,1.5394,0.0,0.0,0.7929,0.0,0.0,0.0,-0.6971,-0.6971,-0.8491,0.0,0.0,-1.4522,-1.4522,-1.4522,-1.4522,-1.4522,-1.4522,1.5394,0.0,0.0,0.7929,0.0,0.0,0.0,-1.3748,-0.5083,-1.2392,0.0,0.0,-1.2005,-1.52,-1.4522,-1.4522,-1.4522,-1.4522
0.0,1.5411,0.0,0.0,0.7938,0.0,0.0,0.0,-0.6979,-0.6979,-0.85,0.0,0.0,-1.4539,-1.4539,-1.4539,-1.4539,-1.4539,-1.4539,1.5411,0.0,0.0,0.7938,0.0,0.0,0.0,-1.3763,-0.5089,-1.2406,0.0,0.0,-1.2019,-1.5217,-1.4539,-1.4539,-1.4539,-1.4539
0.0,1.5428,0.0,0.0,0.7947,0.0,0.0,0.0,-0.6986,-0.6986,-0.851,0.0,0.0,-1.4555,-1.4555,-1.4555,-1.4555,-1.4555,-1.4555,1.5428,0.0,0.0,0.7947,0.0,0.0,0.0,-1.3779,-0.5094,-1.242,0.0,0.0,-1.2032,-1.5234,-1.4555,-1.4555,-1.4555,-1.4555
0.0,1.5445,0.0,0.0,0.7956,0.0,0.0,0.0,-0.6994,-0.6994,-0.8519,0.0,0.0,-1.4571,-1.4571,-1.4571,-1.4571,-1.4571,-1.4571,1.5445,0.0,0.0,0.7956,0.0,0.0,0.0,-1.3794,-0.51,-1.2434,0.0,0.0,-1.2045,-1.5251,-1.4571,-1.4571,-1.4571,-1.4571
0.0,1.5462,0.0,0.0,0.7964,0.0,0.0,0.0,-0.7001,-0.7001,-0.8528,0.0,0.0,-1.4586,-1.4586,-1.4586,-1.4586,-1.4586,-1.4586,1.5462,0.0,0.0,0.7964,0.0,0.0,0.0,-1.3808,-0.5105,-1.2447,0.0,0.0,-1.2058,-1.5267,-1.4586,-1.4586,-1.4586,-1.4586
0.0,1.5478,0.0,0.0,0.7973,0.0,0.0,0.0,-0.7009,-0.7009,-0.8537,0.0,0.0,-1.4602,-1.4602,-1.4602,-1.4602,-1.4602,-1.4602,1.5478,0.0,0.0,0.7973,0.0,0.0,0.0,-1.3823,-0.5111,-1.246,0.0,0.0,-1.2071,-1.5283,-1.4602,-1.4602,-1.4602,-1.4602
0.0,1.5494,0.0,0.0,0.7981,0.0,0.0,0.0,-0.7016,-0.7016,-0.8546,0.0,0.0,-1.4617,-1.4617,-1.4617,-1.4617,-1.4617,-1.4617,1.5494,0.0,0.0,0.7981,0.0,0.0,0.0,-1.3837,-0.5116,-1.2473,0.0,0.0,-1.2083,-1.5299,-1.4617,-1.4617,-1.4617,-1.4617
0.0,1.5509,0.0,0.0,0.7989,0.0,0.0,0.0,-0.7023,-0.7023,-0.8555,0.0,0.0,-1.4631,-1.4631,-1.4631,-1.4631,-1.4631,-1.4631,1.5509,0.0,0.0,0.7989,0.0,0.0,0.0,-1.3851,-0.5121,-1.2486,0.0,0.0,-1.2095,-1.5314,-1.4631,-1.4631,-1.4631,-1.4631
0.0,1.5525,0.0,0.0,0.7997,0.0,0.0,0.0,-0.703,-0.703,-0.8563,0.0,0.0,-1.4646,-1.4646,-1.4646,-1.4646,-1.4646,-1.4646,1.5525,0.0,0.0,0.7997,0.0,0.0,0.0,-1.3865,-0.5126,-1.2498,0.0,0.0,-1.2107,-1.5329,-1.4646,-1.4646,-1.4646,-1.4646
0.0,1.554,0.0,0.0,0.8004,0.0,0.0,0.0,-0.7037,-0.7037,-0.8571,0.0,0.0,-1.466,-1.466,-1.466,-1.466,-1.466,-1.466,1.554,0.0,0.0,0.8004,0.0,0.0,0.0,-1.3878,-0.5131,-1.251,0.0,0.0,-1.2119,-1.5344,-1.466,-1.466,-1.466,-1.466
0.0,1.5554,0.0,0.0,0.8012,0.0,0.0,0.0,-0.7044,-0.7044,-0.8579,0.0,0.0,-1.4674,-1.4674,-1.4674,-1.4674,-1.4674,-1.4674,1.5554,0.0,0.0,0.8012,0.0,0.0,0.0,-1.3891,-0.5136,-1.2522,0.0,0.0,-1.2131,-1.5359,-1.4674,-1.4674,-1.4674,-1.4674
0.0,1.5569,0.0,0.0,0.8019,0.0,0.0,0.0,-0.705,-0.705,-0.8587,0.0,0.0,-1.4688,-1.4688,-1.4688,-1.4688,-1.4688,-1.4688,1.5569,0.0,0.0,0.8019,0.0,0.0,0.0,-1.3904,-0.5141,-1.2533,0.0,0.0,-1.2142,-1.5373,-1.4688,-1.4688,-1.4688,-1.4688
0.0,1.5583,0.0,0.0,0.8027,0.0,0.0,0.0,-0.7056,-0.7056,-0.8595,0.0,0.0,-1.4701,-1.4701,-1.4701,-1.4701,-1.4701,-1.4701,1.5583,0.0,0.0,0.8027,0.0,0.0,0.0,-1.3917,-0.5145,-1.2545,0.0,0.0,-1.2153,-1.5387,-1.4701,-1.4701,-1.4701,-1.4701
0.0,1.5597,0.0,0.0,0.8034,0.0,0.0,0.0,-0.7063,-0.7063,-0.8603,0.0,0.0,-1.4714,-1.4714,-1.4714,-1.4714,-1.4714,-1.4714,1.5597,0.0,0.0,0.8034,0.0,0.0,0.0,-1.3929,-0.515,-1.2556,0.0,0.0,-1.2164,-1.5401,-1.4714,-1.4714,-1.4714,-1.4714
0.0,1.561,0.0,0.0,0.8041,0.0,0.0,0.0,-0.7069,-0.7069,-0.861,0.0,0.0,-1.4727,-1.4727,-1.4727,-1.4727,-1.4727,-1.4727,1.561,0.0,0.0,0.8041,0.0,0.0,0.0,-1.3941,-0.5154,-1.2567,0.0,0.0,-1.2174,-1.5414,-1.4727,-1.4727,-1.4727,-1.4727
0.0,1.5624,0.0,0.0,0.8048,0.0,0.0,0.0,-0.7075,-0.7075,-0.8618,0.0,0.0,-1.4739,-1.4739,-1.4739,-1.4739,-1.4739,-1.4739,1.5624,0.0,0.0,0.8048,0.0,0.0,0.0,-1.3953,-0.5159,-1.2578,0.0,0.0,-1.2185,-1.5427,-1.4739,-1.4739,-1.4739,-1.4739
0.0,1.5637,0.0,0.0,0.8054,0.0,0.0,0.0,-0.7081,-0.7081,-0.8625,0.0,0.0,-1.4752,-1.4752,-1.4752,-1.4752,-1.4752,-1.4752,1.5637,0.0,0.0,0.8054,0.0,0.0,0.0,-1.3965,-0.5163,-1.2588,0.0,0.0,-1.2195,-1.544,-1.4752,-1.4752,-1.4752,-1.4752
0.0,1.5649,0.0,0.0,0.8061,0.0,0.0,0.0,-0.7086,-0.7086,-0.8632,0.0,0.0,-1.4763,-1.4763,-1.4763,-1.4763,-1.4763,-1.4763,1.5649,0.0,0.0,0.8061,0.0,0.0,0.0,-1.3976,-0.5167,-1.2598,0.0,0.0,-1.2204,-1.5452,-1.4763,-1.4763,-1.4763,-1.4763
0.0,1.5662,0.0,0.0,0.8067,0.0,0.0,0.0,-0.7092,-0.7092,-0.8638,0.0,0.0,-1.4775,-1.4775,-1.4775,-1.4775,-1.4775,-1.4775,1.5662,0.0,0.0,0.8067,0.0,0.0,0.0,-1.3987,-0.5171,-1.2608,0.0,0.0,-1.2214,-1.5465,-1.4775,-1.4775,-1.4775,-1.4775
0.0,1.5674,0.0,0.0,0.8073,0.0,0.0,0.0,-0.7097,-0.7097,-0.8645,0.0,0.0,-1.4786,-1.4786,-1.4786,-1.4786,-1.4786,-1.4786,1.5674,0.0,0.0,0.8073,0.0,0.0,0.0,-1.3998,-0.5175,-1.2618,0.0,0.0,-1.2223,-1.5476,-1.4786,-1.4786,-1.4786,-1.4786
0.0,1.5685,0.0,0.0,0.8079,0.0,0.0,0.0,-0.7103,-0.7103,-0.8652,0.0,0.0,-1.4797,-1.4797,-1.4797,-1.4797,-1.4797,-1.4797,1.5685,0.0,0.0,0.8079,0.0,0.0,0.0,-1.4008,-0.5179,-1.2627,0.0,0.0,-1.2233,-1.5488,-1.4797,-1.4797,-1.4797,-1.4797
0.0,1.5697,0.0,0.0,0.8085,0.0,0.0,0.0,-0.7108,-0.7108,-0.8658,0.0,0.0,-1.4808,-1.4808,-1.4808,-1.4808,-1.4808,-1.4808,1.5697,0.0,0.0,0.8085,0.0,0.0,0.0,-1.4018,-0.5183,-1.2636,0.0,0.0,-1.2241,-1.5499,-1.4808,-1.4808,-1.4808,-1.4808
0.0,1.5708,0.0,0.0,0.8091,0.0,0.0,0.0,-0.7113,-0.7113,-0.8664,0.0,0.0,-1.4819,-1.4819,-1.4819,-1.4819,-1.4819,-1.4819,1.5708,0.0,0.0,0.8091,0.0,0.0,0.0,-1.4028,-0.5187,-1.2645,0.0,0.0,-1.225,-1.551,-1.4819,-1.4819,-1.4819,-1.4819
0.0,1.5719,0.0,0.0,0.8097,0.0,0.0,0.0,-0.7118,-0.7118,-0.867,0.0,0.0,-1.4829,-1.4829,-1.4829,-1.4829,-1.4829,-1.4829,1.5719,0.0,0.0,0.8097,0.0,0.0,0.0,-1.4038,-0.519,-1.2654,0.0,0.0,-1.2258,-1.5521,-1.4829,-1.4829,-1.4829,-1.4829
0.0,1.5729,0.0,0.0,0.8102,0.0,0.0,0.0,-0.7123,-0.7123,-0.8676,0.0,0.0,-1.4839,-1.4839,-1.4839,-1.4839,-1.4839,-1.4839,1.5729,0.0,0.0,0.8102,0.0,0.0,0.0,-1.4047,-0.5194,-1.2662,0.0,0.0,-1.2267,-1.5531,-1.4839,-1.4839,-1.4839,-1.4839
0.0,1.5739,0.0,0.0,0.8107,0.0,0.0,0.0,-0.7127,-0.7127,-0.8681,0.0,0.0,-1.4848,-1.4848,-1.4848,-1.4848,-1.4848,-1.4848,1.5739,0.0,0.0,0.8107,0.0,0.0,0.0,-1.4056,-0.5197,-1.2671,0.0,0.0,-1.2275,-1.5541,-1.4848,-1.4848,-1.4848,-1.4848
0.0,1.5749,0.0,0.0,0.8112,0.0,0.0,0.0,-0.7132,-0.7132,-0.8687,0.0,0.0,-1.4858,-1.4858,-1.4858,-1.4858,-1.4858,-1.4858,1.5749,0.0,0.0,0.8112,0.0,0.0,0.0,-1.4065,-0.52,-1.2678,0.0,0.0,-1.2282,-1.5551,-1.4858,-1.4858,-1.4858,-1.4858
0.0,1.5759,0.0,0.0,0.8117,0.0,0.0,0.0,-0.7136,-0.7136,-0.8692,0.0,0.0,-1.4867,-1.4867,-1.4867,-1.4867,-1.4867,-1.4867,1.5759,0.0,0.0,0.8117,0.0,0.0,0.0,-1.4074,-0.5203,-1.2686,0.0,0.0,-1.229,-1.556,-1.4867,-1.4867,-1.4867,-1.4867
0.0,1.5768,0.0,0.0,0.8122,0.0,0.0,0.0,-0.714,-0.714,-0.8697,0.0,0.0,-1.4875,-1.4875,-1.4875,-1.4875,-1.4875,-1.4875,1.5768,0.0,0.0,0.8122,0.0,0.0,0.0,-1.4082,-0.5206,-1.2694,0.0,0.0,-1.2297,-1.557,-1.4875,-1.4875,-1.4875,-1.4875
0.0,1.5777,0.0,0.0,0.8127,0.0,0.0,0.0,-0.7144,-0.7144,-0.8702,0.0,0.0,-1.4884,-1.4884,-1.4884,-1.4884,-1.4884,-1.4884,1.5777,0.0,0.0,0.8127,0.0,0.0,0.0,-1.409,-0.5209,-1.2701,0.0,0.0,-1.2304,-1.5578,-1.4884,-1.4884,-1.4884,-1.4884
0.0,1.5785,0.0,0.0,0.8131,0.0,0.0,0.0,-0.7148,-0.7148,-0.8707,0.0,0.0,-1.4892,-1.4892,-1.4892,-1.4892,-1.4892,-1.4892,1.5785,0.0,0.0,0.8131,0.0,0.0,0.0,-1.4098,-0.5212,-1.2708,0.0,0.0,-1.2311,-1.5587,-1.4892,-1.4892,-1.4892,-1.4892
0.0,1.5794,0.0,0.0,0.8135,0.0,0.0,0.0,-0.7152,-0.7152,-0.8711,0.0,0.0,-1.49,-1.49,-1.49,-1.49,-1.49,-1.49,1.5794,0.0,0.0,0.8135,0.0,0.0,0.0,-1.4105,-0.5215,-1.2714,0.0,0.0,-1.2317,-1.5595,-1.49,-1.49,-1.49,-1.49
0.0,1.5802,0.0,0.0,0.8139,0.0,0.0,0.0,-0.7156,-0.7156,-0.8716,0.0,0.0,-1.4907,-1.4907,-1.4907,-1.4907,-1.4907,-1.4907,1.5802,0.0,0.0,0.8139,0.0,0.0,0.0,-1.4112,-0.5218,-1.2721,0.0,0.0,-1.2323,-1.5603,-1.4907,-1.4907,-1.4907,-1.4907
0.0,1.5809,0.0,0.0,0.8143,0.0,0.0,0.0,-0.7159,-0.7159,-0.872,0.0,0.0,-1.4915,-1.4915,-1.4915,-1.4915,-1.4915,-1.4915,1.5809,0.0,0.0,0.8143,0.0,0.0,0.0,-1.4119,-0.522,-1.2727,0.0,0.0,-1.2329,-1.5611,-1.4915,-1.4915,-1.4915,-1.4915
0.0,1.5817,0.0,0.0,0.8147,0.0,0.0,0.0,-0.7162,-0.7162,-0.8724,0.0,0.0,-1.4922,-1.4922,-1.4922,-1.4922,-1.4922,-1.4922,1.5817,0.0,0.0,0.8147,0.0,0.0,0.0,-1.4126,-0.5223,-1.2733,0.0,0.0,-1.2335,-1.5618,-1.4922,-1.4922,-1.4922,-1.4922
0.0,1.5824,0.0,0.0,0.8151,0.0,0.0,0.0,-0.7166,-0.7166,-0.8728,0.0,0.0,-1.4928,-1.4928,-1.4928,-1.4928,-1.4928,-1.4928,1.5824,0.0,0.0,0.8151,0.0,0.0,0.0,-1.4132,-0.5225,-1.2739,0.0,0.0,-1.2341,-1.5625,-1.4928,-1.4928,-1.4928,-1.4928
0.0,1.5831,0.0,0.0,0.8154,0.0,0.0,0.0,-0.7169,-0.7169,-0.8732,0.0,0.0,-1.4935,-1.4935,-1.4935,-1.4935,-1.4935,-1.4935,1.5831,0.0,0.0,0.8154,0.0,0.0,0.0,-1.4138,-0.5227,-1.2744,0.0,0.0,-1.2346,-1.5631,-1.4935,-1.4935,-1.4935,-1.4935
0.0,1.5837,0.0,0.0,0.8158,0.0,0.0,0.0,-0.7171,-0.7171,-0.8735,0.0,0.0,-1.4941,-1.4941,-1.4941,-1.4941,-1.4941,-1.4941,1.5837,0.0,0.0,0.8158,0.0,0.0,0.0,-1.4144,-0.5229,-1.2749,0.0,0.0,-1.2351,-1.5638,-1.4941,-1.4941,-1.4941,-1.4941
0.0,1.5843,0.0,0.0,0.8161,0.0,0.0,0.0,-0.7174,-0.7174,-0.8739,0.0,0.0,-1.4946,-1.4946,-1.4946,-1.4946,-1.4946,-1.4946,1.5843,0.0,0.0,0.8161,0.0,0.0,0.0,-1.4149,-0.5231,-1.2754,0.0,0.0,-1.2356,-1.5644,-1.4946,-1.4946,-1.4946,-1.4946
0.0,1.5849,0.0,0.0,0.8164,0.0,0.0,0.0,-0.7177,-0.7177,-0.8742,0.0,0.0,-1.4952,-1.4952,-1.4952,-1.4952,-1.4952,-1.4952,1.5849,0.0,0.0,0.8164,0.0,0.0,0.0,-1.4154,-0.5233,-1.2759,0.0,0.0,-1.236,-1.565,-1.4952,-1.4952,-1.4952,-1.4952
0.0,1.5855,0.0,0.0,0.8167,0.0,0.0,0.0,-0.7179,-0.7179,-0.8745,0.0,0.0,-1.4957,-1.4957,-1.4957,-1.4957,-1.4957,-1.4957,1.5855,0.0,0.0,0.8167,0.0,0.0,0.0,-1.4159,-0.5235,-1.2763,0.0,0.0,-1.2365,-1.5655,-1.4957,-1.4957,-1.4957,-1.4957
0.0,1.586,0.0,0.0,0.8169,0.0,0.0,0.0,-0.7182,-0.7182,-0.8748,0.0,0.0,-1.4962,-1.4962,-1.4962,-1.4962,-1.4962,-1.4962,1.586,0.0,0.0,0.8169,0.0,0.0,0.0,-1.4164,-0.5237,-1.2768,0.0,0.0,-1.2369,-1.566,-1.4962,-1.4962,-1.4962,-1.4962
0.0,1.5865,0.0,0.0,0.8172,0.0,0.0,0.0,-0.7184,-0.7184,-0.875,0.0,0.0,-1.4967,-1.4967,-1.4967,-1.4967,-1.4967,-1.4967,1.5865,0.0,0.0,0.8172,0.0,0.0,0.0,-1.4168,-0.5238,-1.2771,0.0,0.0,-1.2372,-1.5665,-1.4967,-1.4967,-1.4967,-1.4967
0.0,1.5869,0.0,0.0,0.8174,0.0,0.0,0.0,-0.7186,-0.7186,-0.8753,0.0,0.0,-1.4971,-1.4971,-1.4971,-1.4971,-1.4971,-1.4971,1.5869,0.0,0.0,0.8174,0.0,0.0,0.0,-1.4172,-0.524,-1.2775,0.0,0.0,-1.2376,-1.567,-1.4971,-1.4971,-1.4971,-1.4971
0.0,1.5873,0.0,0.0,0.8176,0.0,0.0,0.0,-0.7188,-0.7188,-0.8755,0.0,0.0,-1.4975,-1.4975,-1.4975,-1.4975,-1.4975,-1.4975,1.5873,0.0,0.0,0.8176,0.0,0.0,0.0,-1.4176,-0.5241,-1.2779,0.0,0.0,-1.2379,-1.5674,-1.4975,-1.4975,-1.4975,-1.4975
0.0,1.5877,0.0,0.0,0.8178,0.0,0.0,0.0,-0.719,-0.719,-0.8757,0.0,0.0,-1.4979,-1.4979,-1.4979,-1.4979,-1.4979,-1.4979,1.5877,0.0,0.0,0.8178,0.0,0.0,0.0,-1.418,-0.5243,-1.2782,0.0,0.0,-1.2382,-1.5678,-1.4979,-1.4979,-1.4979,-1.4979
0.0,1.5881,0.0,0.0,0.818,0.0,0.0,0.0,-0.7191,-0.7191,-0.8759,0.0,0.0,-1.4982,-1.4982,-1.4982,-1.4982,-1.4982,-1.4982,1.5881,0.0,0.0,0.818,0.0,0.0,0.0,-1.4183,-0.5244,-1.2785,0.0,0.0,-1.2385,-1.5681,-1.4982,-1.4982,-1.4982,-1.4982
0.0,1.5884,0.0,0.0,0.8182,0.0,0.0,0.0,-0.7193,-0.7193,-0.8761,0.0,0.0,-1.4985,-1.4985,-1.4985,-1.4985,-1.4985,-1.4985,1.5884,0.0,0.0,0.8182,0.0,0.0,0.0,-1.4186,-0.5245,-1.2787,0.0,0.0,-1.2388,-1.5684,-1.4985,-1.4985,-1.4985,-1.4985
0.0,1.5887,0.0,0.0,0.8183,0.0,0.0,0.0,-0.7194,-0.7194,-0.8763,0.0,0.0,-1.4988,-1.4988,-1.4988,-1.4988,-1.4988,-1.4988,1.5887,0.0,0.0,0.8183,0.0,0.0,0.0,-1.4189,-0.5246,-1.279,0.0,0.0,-1.239,-1.5687,-1.4988,-1.4988,-1.4988,-1.4988
0.0,1.589,0.0,0.0,0.8185,0.0,0.0,0.0,-0.7195,-0.7195,-0.8764,0.0,0.0,-1.499,-1.499,-1.499,-1.499,-1.499,-1.499,1.589,0.0,0.0,0.8185,0.0,0.0,0.0,-1.4191,-0.5247,-1.2792,0.0,0.0,-1.2392,-1.569,-1.499,-1.499,-1.499,-1.499
0.0,1.5892,0.0,0.0,0.8186,0.0,0.0,0.0,-0.7197,-0.7197,-0.8766,0.0,0.0,-1.4993,-1.4993,-1.4993,-1.4993,-1.4993,-1.4993,1.5892,0.0,0.0,0.8186,0.0,0.0,0.0,-1.4193,-0.5247,-1.2794,0.0,0.0,-1.2394,-1.5692,-1.4993,-1.4993,-1.4993,-1.4993
0.0,1.5894,0.0,0.0,0.8187,0.0,0.0,0.0,-0.7197,-0.7197,-0.8767,0.0,0.0,-1.4995,-1.4995,-1.4995,-1.4995,-1.4995,-1.4995,1.5894,0.0,0.0,0.8187,0.0,0.0,0.0,-1.4195,-0.5248,-1.2795,0.0,0.0,-1.2396,-1.5694,-1.4995,-1.4995,-1.4995,-1.4995
0.0,1.5896,0.0,0.0,0.8188,0.0,0.0,0.0,-0.7198,-0.7198,-0.8768,0.0,0.0,-1.4996,-1.4996,-1.4996,-1.4996,-1.4996,-1.4996,1.5896,0.0,0.0,0.8188,0.0,0.0,0.0,-1.4196,-0.5249,-1.2797,0.0,0.0,-1.2397,-1.5696,-1.4996,-1.4996,-1.4996,-1.4996
0.0,1.5897,0.0,0.0,0.8189,0.0,0.0,0.0,-0.7199,-0.7199,-0.8769,0.0,0.0,-1.4998,-1.4998,-1.4998,-1.4998,-1.4998,-1.4998,1.5897,0.0,0.0,0.8189,0.0,0.0,0.0,-1.4198,-0.5249,-1.2798,0.0,0.0,-1.2398,-1.5698,-1.4998,-1.4998,-1.4998,-1.4998
0.0,1.5899,0.0,0.0,0.8189,0.0,0.0,0.0,-0.7199,-0.7199,-0.8769,0.0,0.0,-1.4999,-1.4999,-1.4999,-1.4999,-1.4999,-1.4999,1.5899,0.0,0.0,0.8189,0.0,0.0,0.0,-1.4199,-0.525,-1.2799,0.0,0.0,-1.2399,-1.5699,-1.4999,-1.4999,-1.4999,-1.4999
0.0,1.5899,0.0,0.0,0.819,0.0,0.0,0.0,-0.72,-0.72,-0.877,0.0,0.0,-1.4999,-1.4999,-1.4999,-1.4999,-1.4999,-1.4999,1.5899,0.0,0.0,0.819,0.0,0.0,0.0,-1.4199,-0.525,-1.2799,0.0,0.0,-1.24,-1.5699,-1.4999,-1.4999,-1.4999,-1.4999
0.0,1.59,0.0,0.0,0.819,0.0,0.0,0.0,-0.72,-0.72,-0.877,0.0,0.0,-1.5,-1.5,-1.5,-1.5,-1.5,-1.5,1.59,0.0,0.0,0.819,0.0,0.0,0.0,-1.42,-0.525,-1.28,0.0,0.0,-1.24,-1.57,-1.5,-1.5,-1.5,-1.5
0.0,1.59,0.0,0.0,0.819,0.0,0.0,0.0,-0.72,-0.72,-0.877,0.0,0.0,-1.5,-1.5,-1.5,-1.5,-1.5,-1.5,1.59,0.0,0.0,0.819,0.0,0.0,0.0,-1.42,-0.525,-1.28,0.0,0.0,-1.24,-1.57,-1.5,-1.5,-1.5,-1.5
0.0,1.478,0.0002,-0.0,0.8836,0.005,0.0055,0.0148,-0.72,-0.72,-0.877,-0.0019,-0.0021,-1.4651,-1.5,-1.4651,-1.5,-1.4651,-1.5,1.477,0.0,0.0037,0.8836,0.0021,0.0018,0.0051,-1.42,-0.525,-1.28,-0.0016,-0.0019,-1.24,-1.57,-1.4651,-1.5,-1.4651,-1.5
0.0,1.3615,0.0009,-0.0,0.9485,0.0084,0.0143,0.0303,-0.72,-0.72,-0.877,-0.0026,-0.0029,-1.43,-1.5,-1.43,-1.5,-1.43,-1.5,1.3595,0.0,0.0077,0.9485,0.0056,0.0072,0.0077,-1.42,-0.525,-1.28,-0.0021,-0.0024,-1.24,-1.57,-1.43,-1.5,-1.43,-1.5
0.0,1.2401,0.0024,-0.0,1.0106,0.0105,0.0225,0.047,-0.72,-0.72,-0.877,-0.0022,-0.0025,-1.3937,-1.5,-1.3937,-1.5,-1.3937,-1.5,1.2409,-0.0,0.0124,1.0042,0.0099,0.0061,0.0077,-1.42,-0.525,-1.28,-0.0017,-0.002,-1.24,-1.57,-1.3937,-1.5,-1.3937,-1.5
0.0,1.1091,0.006,-0.0,1.0583,0.0113,0.0129,0.0673,-0.72,-0.72,-0.877,-0.0017,-0.0019,-1.3524,-1.5,-1.3524,-1.5,-1.3524,-1.5,1.1134,0.0,0.0186,1.0436,0.0151,-0.0153,0.0051,-1.42,-0.525,-1.28,-0.0013,-0.0015,-1.24,-1.57,-1.3524,-1.5,-1.3524,-1.5
0.0,0.9581,0.0132,0.0,1.0874,0.0092,-0.0241,0.0922,-0.72,-0.72,-0.877,-0.001,-0.0011,-1.3042,-1.5,-1.3042,-1.5,-1.3042,-1.5,0.9672,0.0,0.0274,1.0625,0.0207,-0.066,-0.0013,-1.42,-0.525,-1.28,-0.0007,-0.0009,-1.24,-1.57,-1.3042,-1.5,-1.3042,-1.5
0.0,0.7801,0.0251,0.0,1.0849,0.0018,-0.1048,0.1198,-0.72,-0.72,-0.877,-0.0002,-0.0003,-1.2475,-1.5,-1.2475,-1.5,-1.2475,-1.5,0.799,0.0,0.0397,1.0475,0.0255,-0.1613,-0.0127,-1.42,-0.525,-1.28,-0.0002,-0.0002,-1.24,-1.57,-1.2475,-1.5,-1.2475,-1.5
0.0,0.7593,0.0267,0.0,1.0808,0.0005,-0.1183,0.1227,-0.72,-0.72,-0.877,-0.0002,-0.0002,-1.24,-1.5,-1.24,-1.5,-1.24,-1.5,0.7801,-0.0,0.0413,1.0418,0.0259,-0.1762,-0.0143,-1.42,-0.525,-1.28,-0.0002,-0.0002,-1.24,-1.57,-1.24,-1.5,-1.24,-1.5
0.0,0.7593,0.0267,-0.0,1.0808,0.0005,-0.1183,0.1227,-0.72,-0.72,-0.877,-0.0002,-0.0002,-1.24,-1.5,-1.24,-1.5,-1.24,-1.5,0.7801,-0.0,0.0413,1.0418,0.0259,-0.1762,-0.0143,-1.42,-0.525,-1.28,-0.0002,-0.0002,-1.24,-1.57,-1.24,-1.5,-1.24,-1.5
0.0,0.7593,0.0267,-0.0,1.0808,0.0005,-0.1183,0.1227,-0.72,-0.72,-0.877,-0.0002,-0.0002,-1.24,-1.5,-1.24,-1.5,-1.24,-1.5,0.7801,0.0,0.0413,1.0418,0.0259,-0.1762,-0.0143,-1.42,-0.525,-1.28,-0.0002,-0.0002,-1.24,-1.57,-1.24,-1.5,-1.24,-1.5
0.0,0.7593,0.0267,0.0,1.0808,0.0005,-0.1183,0.1227,-0.72,-0.72,-0.877,-0.0002,-0.0002,-1.24,-1.5,-1.24,-1.5,-1.24,-1.5,0.7801,-0.0,0.0413,1.0418,0.0259,-0.1762,-0.0143,-1.42,-0.525,-1.28,-0.0002,-0.0002,-1.24,-1.57,-1.24,-1.5,-1.24,-1.5
0.0,0.7593,0.0267,-0.0,1.0808,0.0005,-0.1183,0.1227,-0.72,-0.72,-0.877,-0.0002,-0.0002,-1.24,-1.5,-1.24,-1.5,-1.24,-1.5,0.7801,0.0,0.0413,1.0418,0.0259,-0.1762,-0.0143,-1.42,-0.525,-1.28,-0.0002,-0.0002,-1.24,-1.57,-1.24,-1.5,-1.24,-1.5
0.0,0.7593,0.0267,0.0,1.0808,0.0005,-0.1183,0.1227,-0.72,-0.72,-0.877,-0.0002,-0.0002,-1.24,-1.5,-1.24,-1.5,-1.24,-1.5,0.7801,0.0,0.0413,1.0418,0.0259,-0.1762,-0.0143,-1.42,-0.525,-1.28,-0.0002,-0.0002,-1.24,-1.57,-1.24,-1.5,-1.24,-1.5
0.0,0.7593,0.0267,-0.0,1.0808,0.0005,-0.1183,0.1227,-0.72,-0.72,-0.877,-0.0002,-0.0002,-1.24,-1.5,-1.24,-1.5,-1.24,-1.5,0.7801,0.0,0.0413,1.0418,0.0259,-0.1762,-0.0143,-1.42,-0.525,-1.28,-0.0002,-0.0002,-1.24,-1.57,-1.24,-1.5,-1.24,-1.5
0.0,0.7593,0.0267,0.0,1.0808,0.0005,-0.1183,0.1227,-0.72,-0.72,-0.877,-0.0002,-0.0002,-1.24,-1.5,-1.24,-1.5,-1.24,-1.5,0.7801,-0.0,0.0413,1.0418,0.0259,-0.1762,-0.0143,-1.42,-0.525,-1.28,-0.0002,-0.0002,-1.24,-1.57,-1.24,-1.5,-1.24,-1.5
0.0,0.7593,0.0267,-0.0,1.0808,0.0005,-0.1183,0.1227,-0.72,-0.72,-0.877,-0.0002,-0.0002,-1.24,-1.5,-1.24,-1.5,-1.24,-1.5,0.7801,0.0,0.0413,1.0418,0.0259,-0.1762,-0.0143,-1.42,-0.525,-1.28,-0.0002,-0.0002,-1.24,-1.57,-1.24,-1.5,-1.24,-1.5
0.0,0.7593,0.0267,0.0,1.0808,0.0005,-0.1183,0.1227,-0.72,-0.72,-0.877,-0.0002,-0.0002,-1.24,-1.5,-1.24,-1.5,-1.24,-1.5,0.7801,0.0,0.0413,1.0418,0.0259,-0.1762,-0.0143,-1.42,-0.525,-1.28,-0.0002,-0.0002,-1.24,-1.57,-1.24,-1.5,-1.24,-1.5
0.0,0.7593,0.0267,0.0,1.0808,0.0005,-0.1183,0.1227,-0.72,-0.72,-0.877,-0.0002,-0.0002,-1.24,-1.5,-1.24,-1.5,-1.24,-1.5,0.7801,0.0,0.0413,1.0418,0.0259,-0.1762,-0.0143,-1.42,-0.525,-1.28,-0.0002,-0.0002,-1.24,-1.57,-1.24,-1.5,-1.24,-1.5
0.0,0.7593,0.0267,-0.0,1.0808,0.0005,-0.1183,0.1227,-0.72,-0.72,-0.877,-0.0002,-0.0002,-1.24,-1.5,-1.24,-1.5,-1.24,-1.5,0.7801,0.0,0.0413,1.0418,0.0259,-0.1762,-0.0143,-1.42,-0.525,-1.28,-0.0002,-0.0002,-1.24,-1.57,-1.24,-1.5,-1.24,-1.5
0.0,0.7593,0.0267,-0.0,1.0808,0.0005,-0.1183,0.1227,-0.72,-0.72,-0.877,-0.0002,-0.0002,-1.24,-1.5,-1.24,-1.5,-1.24,-1.5,0.7801,0.0,0.0413,1.0418,0.0259,-0.1762,-0.0143,-1.42,-0.525,-1.28,-0.0002,-0.0002,-1.24,-1.57,-1.24,-1.5,-1.24,-1.5
0.0,0.7593,0.0267,0.0,1.0808,0.0005,-0.1183,0.1227,-0.72,-0.72,-0.877,-0.0002,-0.0002,-1.24,-1.5,-1.24,-1.5,-1.24,-1.5,0.7801,0.0,0.0413,1.0418,0.0259,-0.1762,-0.0143,-1.42,-0.525,-1.28,-0.0002,-0.0002,-1.24,-1.57,-1.24,-1.5,-1.24,-1.5
0.0,0.7593,0.0267,0.0,1.0808,0.0005,-0.1183,0.1227,-0.72,-0.72,-0.877,-0.0002,-0.0002,-1.24,-1.5,-1.24,-1.5,-1.24,-1.5,0.7801,0.0,0.0413,1.0418,0.0259,-0.1762,-0.0143,-1.42,-0.525,-1.28,-0.0002,-0.0002,-1.24,-1.57,-1.24,-1.5,-1.24,-1.5
0.0,0.7593,0.0267,0.0,1.0808,0.0005,-0.1183,0.1227,-0.72,-0.72,-0.877,-0.0002,-0.0002,-1.24,-1.5,-1.24,-1.5,-1.24,-1.5,0.7801,-0.0,0.0413,1.0418,0.0259,-0.1762,-0.0143,-1.42,-0.525,-1.28,-0.0002,-0.0002,-1.24,-1.57,-1.24,-1.5,-1.24,-1.5
0.0,0.7593,0.0267,0.0,1.0808,0.0005,-0.1183,0.1227,-0.72,-0.72,-0.877,-0.0002,-0.0002,-1.24,-1.5,-1.24,-1.5,-1.24,-1.5,0.7801,0.0,0.0413,1.0418,0.0259,-0.1762,-0.0143,-1.42,-0.525,-1.28,-0.0002,-0.0002,-1.24,-1.57,-1.24,-1.5,-1.24,-1.5
0.0,0.7593,0.0267,0.0,1.0808,0.0005,-0.1183,0.1227,-0.72,-0.72,-0.877,-0.0002,-0.0002,-1.24,-1.5,-1.24,-1.5,-1.24,-1.5,0.7801,0.0,0.0413,1.0418,0.0259,-0.1762,-0.0143,-1.42,-0.525,-1.28,-0.0002,-0.0002,-1.24,-1.57,-1.24,-1.5,-1.24,-1.5
0.0,0.7593,0.0267,0.0,1.0808,0.0005,-0.1183,0.1227,-0.72,-0.72,-0.877,-0.0002,-0.0002,-1.24,-1.5,-1.24,-1.5,-1.24,-1.5,0.7801,0.0,0.0413,1.0418,0.0259,-0.1762,-0.0143,-1.42,-0.525,-1.28,-0.0002,-0.0002,-1.24,-1.57,-1.24,-1.5,-1.24,-1.5
0.0,0.7593,0.0267,0.0,1.0808,0.0005,-0.1183,0.1227,-0.72,-0.72,-0.877,-0.0002,-0.0002,-1.24,-1.5,-1.24,-1.5,-1.24,-1.5,0.7801,-0.0,0.0413,1.0418,0.0259,-0.1762,-0.0143,-1.42,-0.525,-1.28,-0.0002,-0.0002,-1.24,-1.57,-1.24,-1.5,-1.24,-1.5
0.0,0.7593,0.0267,0.0,1.0808,0.0005,-0.1183,0.1227,-0.72,-0.72,-0.877,-0.0002,-0.0002,-1.24,-1.5,-1.24,-1.5,-1.24,-1.5,0.7801,0.0,0.0413,1.0418,0.0259,-0.1762,-0.0143,-1.42,-0.525,-1.28,-0.0002,-0.0002,-1.24,-1.57,-1.24,-1.5,-1.24,-1.5
0.0,0.7593,0.0267,0.0,1.0808,0.0005,-0.1183,0.1227,-0.72,-0.72,-0.877,-0.0002,-0.0002,-1.24,-1.5,-1.24,-1.5,-1.24,-1.5,0.7801,0.0,0.0413,1.0418,0.0259,-0.1762,-0.0143,-1.42,-0.525,-1.28,-0.0002,-0.0002,-1.24,-1.57,-1.24,-1.5,-1.24,-1.5
0.0,0.7593,0.0267,0.0,1.0808,0.0005,-0.1183,0.1227,-0.72,-0.72,-0.877,-0.0002,-0.0002,-1.24,-1.5,-1.24,-1.5,-1.24,-1.5,0.7801,0.0,0.0413,1.0418,0.0259,-0.1762,-0.0143,-1.42,-0.525,-1.28,-0.0002,-0.0002,-1.24,-1.57,-1.24,-1.5,-1.24,-1.5
0.0,0.7593,0.0267,0.0,1.0808,0.0005,-0.1183,0.1227,-0.72,-0.72,-0.877,-0.0002,-0.0002,-1.24,-1.5,-1.24,-1.5,-1.24,-1.5,0.7801,0.0,0.0413,1.0418,0.0259,-0.1762,-0.0143,-1.42,-0.525,-1.28,-0.0002,-0.0002,-1.24,-1.57,-1.24,-1.5,-1.24,-1.5
0.0,0.7593,0.0267,0.0,1.0808,0.0005,-0.1183,0.1227,-0.72,-0.72,-0.877,-0.0002,-0.0002,-1.24,-1.5,-1.24,-1.5,-1.24,-1.5,0.7801,0.0,0.0413,1.0418,0.0259,-0.1762,-0.0143,-1.42,-0.525,-1.28,-0.0002,-0.0002,-1.24,-1.57,-1.24,-1.5,-1.24,-1.5
0.0,0.7593,0.0267,-0.0,1.0808,0.0005,-0.1183,0.1227,-0.72,-0.72,-0.877,-0.0002,-0.0002,-1.24,-1.5,-1.24,-1.5,-1.24,-1.5,0.7801,0.0,0.0413,1.0418,0.0259,-0.1762,-0.0143,-1.42,-0.525,-1.28,-0.0002,-0.0002,-1.24,-1.57,-1.24,-1.5,-1.24,-1.5
0.0,0.7593,0.0267,0.0,1.0808,0.0005,-0.1183,0.1227,-0.72,-0.72,-0.877,-0.0002,-0.0002,-1.24,-1.5,-1.24,-1.5,-1.24,-1.5,0.7801,-0.0,0.0413,1.0418,0.0259,-0.1762,-0.0143,-1.42,-0.525,-1.28,-0.0002,-0.0002,-1.24,-1.57,-1.24,-1.5,-1.24,-1.5
0.0,0.7593,0.0267,-0.0,1.0808,0.0005,-0.1183,0.1227,-0.72,-0.72,-0.877,-0.0002,-0.0002,-1.24,-1.5,-1.24,-1.5,-1.24,-1.5,0.7801,0.0,0.0413,1.0418,0.0259,-0.1762,-0.0143,-1.42,-0.525,-1.28,-0.0002,-0.0002,-1.24,-1.57,-1.24,-1.5,-1.24,-1.5
0.0,0.7593,0.0267,0.0,1.0808,0.0005,-0.1183,0.1227,-0.72,-0.72,-0.877,-0.0002,-0.0002,-1.24,-1.5,-1.24,-1.5,-1.24,-1.5,0.7801,0.0,0.0413,1.0418,0.0259,-0.1762,-0.0143,-1.42,-0.525,-1.28,-0.0002,-0.0002,-1.24,-1.57,-1.24,-1.5,-1.24,-1.5
0.0,0.7593,0.0267,0.0,1.0808,0.0005,-0.1183,0.1227,-0.72,-0.72,-0.877,-0.0002,-0.0002,-1.24,-1.5,-1.24,-1.5,-1.24,-1.5,0.7801,-0.0,0.0413,1.0418,0.0259,-0.1762,-0.0143,-1.42,-0.525,-1.28,-0.0002,-0.0002,-1.24,-1.57,-1.24,-1.5,-1.24,-1.5
0.0,0.7593,0.0267,0.0,1.0808,0.0005,-0.1183,0.1227,-0.72,-0.72,-0.877,-0.0002,-0.0002,-1.24,-1.5,-1.24,-1.5,-1.24,-1.5,0.7801,-0.0,0.0413,1.0418,0.0259,-0.1762,-0.0143,-1.42,-0.525,-1.28,-0.0002,-0.0002,-1.24,-1.57,-1.24,-1.5,-1.24,-1.5
0.0,0.7593,0.0267,0.0,1.0808,0.0005,-0.1183,0.1227,-0.72,-0.72,-0.877,-0.0002,-0.0002,-1.24,-1.5,-1.24,-1.5,-1.24,-1.5,0.7801,-0.0,0.0413,1.0418,0.0259,-0.1762,-0.0143,-1.42,-0.525,-1.28,-0.0002,-0.0002,-1.24,-1.57,-1.24,-1.5,-1.24,-1.5
0.0,0.7593,0.0267,0.0,1.0808,0.0005,-0.1183,0.1227,-0.72,-0.72,-0.877,-0.0002,-0.0002,-1.24,-1.5,-1.24,-1.5,-1.24,-1.5,0.7801,0.0,0.0413,1.0418,0.0259,-0.1762,-0.0143,-1.42,-0.525,-1.28,-0.0002,-0.0002,-1.24,-1.57,-1.24,-1.5,-1.24,-1.5
0.0,0.7593,0.0267,-0.0,1.0808,0.0005,-0.1183,0.1227,-0.72,-0.72,-0.877,-0.0002,-0.0002,-1.24,-1.5,-1.24,-1.5,-1.24,-1.5,0.7801,-0.0,0.0413,1.0418,0.0259,-0.1762,-0.0143,-1.42,-0.525,-1.28,-0.0002,-0.0002,-1.24,-1.57,-1.24,-1.5,-1.24,-1.5
0.0,0.7593,0.0267,0.0,1.0808,0.0005,-0.1183,0.1227,-0.72,-0.72,-0.877,-0.0002,-0.0002,-1.24,-1.5,-1.24,-1.5,-1.24,-1.5,0.7801,0.0,0.0413,1.0418,0.0259,-0.1762,-0.0143,-1.42,-0.525,-1.28,-0.0002,-0.0002,-1.24,-1.57,-1.24,-1.5,-1.24,-1.5
0.0,0.7593,0.0267,0.0,1.0808,0.0005,-0.1183,0.1227,-0.72,-0.72,-0.877,-0.0002,-0.0002,-1.24,-1.5,-1.24,-1.5,-1.24,-1.5,0.7801,0.0,0.0413,1.0418,0.0259,-0.1762,-0.0143,-1.42,-0.525,-1.28,-0.0002,-0.0002,-1.24,-1.57,-1.24,-1.5,-1.24,-1.5
0.0,0.7593,0.0267,0.0,1.0808,0.0005,-0.1183,0.1227,-0.72,-0.72,-0.877,-0.0002,-0.0002,-1.24,-1.5,-1.24,-1.5,-1.24,-1.5,0.7801,-0.0,0.0413,1.0418,0.0259,-0.1762,-0.0143,-1.42,-0.525,-1.28,-0.0002,-0.0002,-1.24,-1.57,-1.24,-1.5,-1.24,-1.5
0.0,0.7593,0.0267,0.0,1.0808,0.0005,-0.1183,0.1227,-0.72,-0.72,-0.877,-0.0002,-0.0002,-1.24,-1.5,-1.24,-1.5,-1.24,-1.5,0.7801,0.0,0.0413,1.0418,0.0259,-0.1762,-0.0143,-1.42,-0.525,-1.28,-0.0002,-0.0002,-1.24,-1.57,-1.24,-1.5,-1.24,-1.5
0.0,0.7593,0.0267,-0.0,1.0808,0.0005,-0.1183,0.1227,-0.72,-0.72,-0.877,-0.0002,-0.0002,-1.24,-1.5,-1.24,-1.5,-1.24,-1.5,0.7801,-0.0,0.0413,1.0418,0.0259,-0.1762,-0.0143,-1.42,-0.525,-1.28,-0.0002,-0.0002,-1.24,-1.57,-1.24,-1.5,-1.24,-1.5
0.0,0.7593,0.0267,0.0,1.0808,0.0005,-0.1183,0.1227,-0.72,-0.72,-0.877,-0.0002,-0.0002,-1.24,-1.5,-1.24,-1.5,-1.24,-1.5,0.7801,-0.0,0.0413,1.0418,0.0259,-0.1762,-0.0143,-1.42,-0.525,-1.28,-0.0002,-0.0002,-1.24,-1.57,-1.24,-1.5,-1.24,-1.5
0.0,0.7593,0.0267,0.0,1.0808,0.0005,-0.1183,0.1227,-0.72,-0.72,-0.877,-0.0002,-0.0002,-1.24,-1.5,-1.24,-1.5,-1.24,-1.5,0.7801,-0.0,0.0413,1.0418,0.0259,-0.1762,-0.0143,-1.42,-0.525,-1.28,-0.0002,-0.0002,-1.24,-1.57,-1.24,-1.5,-1.24,-1.5
0.0,0.7593,0.0267,0.0,1.0808,0.0005,-0.1183,0.1227,-0.72,-0.72,-0.877,-0.0002,-0.0002,-1.24,-1.5,-1.24,-1.5,-1.24,-1.5,0.7801,0.0,0.0413,1.0418,0.0259,-0.1762,-0.0143,-1.42,-0.525,-1.28,-0.0002,-0.0002,-1.24,-1.57,-1.24,-1.5,-1.24,-1.5
0.0,0.7593,0.0267,0.0,1.0808,0.0005,-0.1183,0.1227,-0.72,-0.72,-0.877,-0.0002,-0.0002,-1.24,-1.5,-1.24,-1.5,-1.24,-1.5,0.7801,-0.0,0.0413,1.0418,0.0259,-0.1762,-0.0143,-1.42,-0.525,-1.28,-0.0002,-0.0002,-1.24,-1.57,-1.24,-1.5,-1.24,-1.5
0.0,0.7593,0.0267,0.0,1.0808,0.0005,-0.1183,0.1227,-0.72,-0.72,-0.877,-0.0002,-0.0002,-1.24,-1.5,-1.24,-1.5,-1.24,-1.5,0.7801,-0.0,0.0413,1.0418,0.0259,-0.1762,-0.0143,-1.42,-0.525,-1.28,-0.0002,-0.0002,-1.24,-1.57,-1.24,-1.5,-1.24,-1.5
0.0,0.7593,0.0267,0.0,1.0808,0.0005,-0.1183,0.1227,-0.72,-0.72,-0.877,-0.0002,-0.0002,-1.24,-1.5,-1.24,-1.5,-1.24,-1.5,0.7801,-0.0,0.0413,1.0418,0.0259,-0.1762,-0.0143,-1.42,-0.525,-1.28,-0.0002,-0.0002,-1.24,-1.57,-1.24,-1.5,-1.24,-1.5
0.0,0.7593,0.0267,0.0,1.0808,0.0005,-0.1183,0.1227,-0.72,-0.72,-0.877,-0.0002,-0.0002,-1.24,-1.5,-1.24,-1.5,-1.24,-1.5,0.7801,0.0,0.0413,1.0418,0.0259,-0.1762,-0.0143,-1.42,-0.525,-1.28,-0.0002,-0.0002,-1.24,-1.57,-1.24,-1.5,-1.24,-1.5
0.0,0.7593,0.0267,0.0,1.0808,0.0005,-0.1183,0.1227,-0.72,-0.72,-0.877,-0.0002,-0.0002,-1.24,-1.5,-1.24,-1.5,-1.24,-1.5,0.7801,0.0,0.0413,1.0418,0.0259,-0.1762,-0.0143,-1.42,-0.525,-1.28,-0.0002,-0.0002,-1.24,-1.57,-1.24,-1.5,-1.24,-1.5
0.0,0.7593,0.0267,0.0,1.0808,0.0005,-0.1183,0.1227,-0.72,-0.72,-0.877,-0.0002,-0.0002,-1.24,-1.5,-1.24,-1.5,-1.24,-1.5,0.7801,-0.0,0.0413,1.0418,0.0259,-0.1762,-0.0143,-1.42,-0.525,-1.28,-0.0002,-0.0002,-1.24,-1.57,-1.24,-1.5,-1.24,-1.5
0.0,0.7593,0.0267,0.0,1.0808,0.0005,-0.1183,0.1227,-0.72,-0.72,-0.877,-0.0002,-0.0002,-1.24,-1.5,-1.24,-1.5,-1.24,-1.5,0.7801,-0.0,0.0413,1.0418,0.0259,-0.1762,-0.0143,-1.42,-0.525,-1.28,-0.0002,-0.0002,-1.24,-1.57,-1.24,-1.5,-1.24,-1.5
0.0,0.7593,0.0267,-0.0,1.0808,0.0005,-0.1183,0.1227,-0.72,-0.72,-0.877,-0.0002,-0.0002,-1.24,-1.5,-1.24,-1.5,-1.24,-1.5,0.7801,-0.0,0.0413,1.0418,0.0259,-0.1762,-0.0143,-1.42,-0.525,-1.28,-0.0002,-0.0002,-1.24,-1.57,-1.24,-1.5,-1.24,-1.5
0.0,0.7593,0.0267,0.0,1.0808,0.0005,-0.1183,0.1227,-0.72,-0.72,-0.877,-0.0002,-0.0002,-1.24,-1.5,-1.24,-1.5,-1.24,-1.5,0.7801,-0.0,0.0413,1.0418,0.0259,-0.1762,-0.0143,-1.42,-0.525,-1.28,-0.0002,-0.0002,-1.24,-1.57,-1.24,-1.5,-1.24,-1.5
0.0,0.7593,0.0267,-0.0,1.0808,0.0005,-0.1183,0.1227,-0.72,-0.72,-0.877,-0.0002,-0.0002,-1.24,-1.5,-1.24,-1.5,-1.24,-1.5,0.7801,-0.0,0.0413,1.0418,0.0259,-0.1762,-0.0143,-1.42,-0.525,-1.28,-0.0002,-0.0002,-1.24,-1.57,-1.24,-1.5,-1.24,-1.5
0.0,0.7593,0.0267,0.0,1.0808,0.0005,-0.1183,0.1227,-0.72,-0.72,-0.877,-0.0002,-0.0002,-1.24,-1.5,-1.24,-1.5,-1.24,-1.5,0.7801,0.0,0.0413,1.0418,0.0259,-0.1762,-0.0143,-1.42,-0.525,-1.28,-0.0002,-0.0002,-1.24,-1.57,-1.24,-1.5,-1.24,-1.5
0.0,0.7593,0.0267,-0.0,1.0808,0.0005,-0.1183,0.1227,-0.72,-0.72,-0.877,-0.0002,-0.0002,-1.24,-1.5,-1.24,-1.5,-1.24,-1.5,0.7801,0.0,0.0413,1.0418,0.0259,-0.1762,-0.0143,-1.42,-0.525,-1.28,-0.0002,-0.0002,-1.24,-1.57,-1.24,-1.5,-1.24,-1.5
0.0,0.7593,0.0267,0.0,1.0808,0.0005,-0.1183,0.1227,-0.72,-0.72,-0.877,-0.0002,-0.0002,-1.24,-1.5,-1.24,-1.5,-1.24,-1.5,0.7801,0.0,0.0413,1.0418,0.0259,-0.1762,-0.0143,-1.42,-0.525,-1.28,-0.0002,-0.0002,-1.24,-1.57,-1.24,-1.5,-1.24,-1.5
0.0,0.7593,0.0267,0.0,1.0808,0.0005,-0.1183,0.1227,-0.72,-0.72,-0.877,-0.0002,-0.0002,-1.24,-1.5,-1.24,-1.5,-1.24,-1.5,0.7801,-0.0,0.0413,1.0418,0.0259,-0.1762,-0.0143,-1.42,-0.525,-1.28,-0.0002,-0.0002,-1.24,-1.57,-1.24,-1.5,-1.24,-1.5
0.0,0.7593,0.0267,0.0,1.0808,0.0005,-0.1183,0.1227,-0.72,-0.72,-0.877,-0.0002,-0.0002,-1.24,-1.5,-1.24,-1.5,-1.24,-1.5,0.7801,0.0,0.0413,1.0418,0.0259,-0.1762,-0.0143,-1.42,-0.525,-1.28,-0.0002,-0.0002,-1.24,-1.57,-1.24,-1.5,-1.24,-1.5
0.0,0.7593,0.0267,0.0,1.0808,0.0005,-0.1183,0.1227,-0.72,-0.72,-0.877,-0.0002,-0.0002,-1.24,-1.5,-1.24,-1.5,-1.24,-1.5,0.7801,0.0,0.0413,1.0418,0.0259,-0.1762,-0.0143,-1.42,-0.525,-1.28,-0.0002,-0.0002,-1.24,-1.57,-1.24,-1.5,-1.24,-1.5
0.0,0.7593,0.0267,0.0,1.0808,0.0005,-0.1183,0.1227,-0.72,-0.72,-0.877,-0.0002,-0.0002,-1.24,-1.5,-1.24,-1.5,-1.24,-1.5,0.7801,-0.0,0.0413,1.0418,0.0259,-0.1762,-0.0143,-1.42,-0.525,-1.28,-0.0002,-0.0002,-1.24,-1.57,-1.24,-1.5,-1.24,-1.5
0.0,0.7593,0.0267,0.0,1.0808,0.0005,-0.1183,0.1227,-0.72,-0.72,-0.877,-0.0002,-0.0002,-1.24,-1.5,-1.24,-1.5,-1.24,-1.5,0.7801,0.0,0.0413,1.0418,0.0259,-0.1762,-0.0143,-1.42,-0.525,-1.28,-0.0002,-0.0002,-1.24,-1.57,-1.24,-1.5,-1.24,-1.5
0.0,0.7593,0.0267,0.0,1.0808,0.0005,-0.1183,0.1227,-0.72,-0.72,-0.877,-0.0002,-0.0002,-1.24,-1.5,-1.24,-1.5,-1.24,-1.5,0.7801,0.0,0.0413,1.0418,0.0259,-0.1762,-0.0143,-1.42,-0.525,-1.28,-0.0002,-0.0002,-1.24,-1.57,-1.24,-1.5,-1.24,-1.5
0.0,0.7593,0.0267,0.0,1.0808,0.0005,-0.1183,0.1227,-0.72,-0.72,-0.877,-0.0002,-0.0002,-1.24,-1.5,-1.24,-1.5,-1.24,-1.5,0.7801,0.0,0.0413,1.0418,0.0259,-0.1762,-0.0143,-1.42,-0.525,-1.28,-0.0002,-0.0002,-1.24,-1.57,-1.24,-1.5,-1.24,-1.5
0.0,0.7593,0.0267,0.0,1.0808,0.0005,-0.1183,0.1227,-0.72,-0.72,-0.877,-0.0002,-0.0002,-1.24,-1.5,-1.24,-1.5,-1.24,-1.5,0.7801,0.0,0.0413,1.0418,0.0259,-0.1762,-0.0143,-1.42,-0.525,-1.28,-0.0002,-0.0002,-1.24,-1.57,-1.24,-1.5,-1.24,-1.5
0.0,0.7593,0.0267,-0.0,1.0808,0.0005,-0.1183,0.1227,-0.72,-0.72,-0.877,-0.0002,-0.0002,-1.24,-1.5,-1.24,-1.5,-1.24,-1.5,0.7801,0.0,0.0413,1.0418,0.0259,-0.1762,-0.0143,-1.42,-0.525,-1.28,-0.0002,-0.0002,-1.24,-1.57,-1.24,-1.5,-1.24,-1.5
0.0,0.7593,0.0267,-0.0,1.0808,0.0005,-0.1183,0.1227,-0.72,-0.72,-0.877,-0.0002,-0.0002,-1.24,-1.5,-1.24,-1.5,-1.24,-1.5,0.7801,-0.0,0.0413,1.0418,0.0259,-0.1762,-0.0143,-1.42,-0.525,-1.28,-0.0002,-0.0002,-1.24,-1.57,-1.24,-1.5,-1.24,-1.5
0.0,0.7593,0.0267,-0.0,1.0808,0.0005,-0.1183,0.1227,-0.72,-0.72,-0.877,-0.0002,-0.0002,-1.24,-1.5,-1.24,-1.5,-1.24,-1.5,0.7801,-0.0,0.0413,1.0418,0.0259,-0.1762,-0.0143,-1.42,-0.525,-1.28,-0.0002,-0.0002,-1.24,-1.57,-1.24,-1.5,-1.24,-1.5
0.0,0.7593,0.0267,0.0,1.0808,0.0005,-0.1183,0.1227,-0.72,-0.72,-0.877,-0.0002,-0.0002,-1.24,-1.5,-1.24,-1.5,-1.24,-1.5,0.7801,-0.0,0.0413,1.0418,0.0259,-0.1762,-0.0143,-1.42,-0.525,-1.28,-0.0002,-0.0002,-1.24,-1.57,-1.24,-1.5,-1.24,-1.5
0.0,0.7593,0.0267,-0.0,1.0808,0.0005,-0.1183,0.1227,-0.72,-0.72,-0.877,-0.0002,-0.0002,-1.24,-1.5,-1.24,-1.5,-1.24,-1.5,0.7801,0.0,0.0413,1.0418,0.0259,-0.1762,-0.0143,-1.42,-0.525,-1.28,-0.0002,-0.0002,-1.24,-1.57,-1.24,-1.5,-1.24,-1.5
0.0,0.7593,0.0267,0.0,1.0808,0.0005,-0.1183,0.1227,-0.72,-0.72,-0.877,-0.0002,-0.0002,-1.24,-1.5,-1.24,-1.5,-1.24,-1.5,0.7801,0.0,0.0413,1.0418,0.0259,-0.1762,-0.0143,-1.42,-0.525,-1.28,-0.0002,-0.0002,-1.24,-1.57,-1.24,-1.5,-1.24,-1.5
0.0,0.7593,0.0267,0.0,1.0808,0.0005,-0.1183,0.1227,-0.72,-0.72,-0.877,-0.0002,-0.0002,-1.24,-1.5,-1.24,-1.5,-1.24,-1.5,0.7801,0.0,0.0413,1.0418,0.0259,-0.1762,-0.0143,-1.42,-0.525,-1.28,-0.0002,-0.0002,-1.24,-1.57,-1.24,-1.5,-1.24,-1.5
0.0,0.7593,0.0267,0.0,1.0808,0.0005,-0.1183,0.1227,-0.72,-0.72,-0.877,-0.0002,-0.0002,-1.24,-1.5,-1.24,-1.5,-1.24,-1.5,0.7801,0.0,0.0413,1.0418,0.0259,-0.1762,-0.0143,-1.42,-0.525,-1.28,-0.0002,-0.0002,-1.24,-1.57,-1.24,-1.5,-1.24,-1.5
0.0,0.7593,0.0267,0.0,1.0808,0.0005,-0.1183,0.1227,-0.72,-0.72,-0.877,-0.0002,-0.0002,-1.24,-1.5,-1.24,-1.5,-1.24,-1.5,0.7801,0.0,0.0413,1.0418,0.0259,-0.1762,-0.0143,-1.42,-0.525,-1.28,-0.0002,-0.0002,-1.24,-1.57,-1.24,-1.5,-1.24,-1.5
0.0,0.7593,0.0267,0.0,1.0808,0.0005,-0.1183,0.1227,-0.72,-0.72,-0.877,-0.0002,-0.0002,-1.24,-1.5,-1.24,-1.5,-1.24,-1.5,0.7801,-0.0,0.0413,1.0418,0.0259,-0.1762,-0.0143,-1.42,-0.525,-1.28,-0.0002,-0.0002,-1.24,-1.57,-1.24,-1.5,-1.24,-1.5
0.0,0.7593,0.0267,0.0,1.0808,0.0005,-0.1183,0.1227,-0.72,-0.72,-0.877,-0.0002,-0.0002,-1.24,-1.5,-1.24,-1.5,-1.24,-1.5,0.7801,0.0,0.0413,1.0418,0.0259,-0.1762,-0.0143,-1.42,-0.525,-1.28,-0.0002,-0.0002,-1.24,-1.57,-1.24,-1.5,-1.24,-1.5
0.0,0.7593,0.0267,0.0,1.0808,0.0005,-0.1183,0.1227,-0.72,-0.72,-0.877,-0.0002,-0.0002,-1.24,-1.5,-1.24,-1.5,-1.24,-1.5,0.7801,-0.0,0.0413,1.0418,0.0259,-0.1762,-0.0143,-1.42,-0.525,-1.28,-0.0002,-0.0002,-1.24,-1.57,-1.24,-1.5,-1.24,-1.5
0.0,0.7593,0.0267,0.0,1.0808,0.0005,-0.1183,0.1227,-0.72,-0.72,-0.877,-0.0002,-0.0002,-1.24,-1.5,-1.24,-1.5,-1.24,-1.5,0.7801,-0.0,0.0413,1.0418,0.0259,-0.1762,-0.0143,-1.42,-0.525,-1.28,-0.0002,-0.0002,-1.24,-1.57,-1.24,-1.5,-1.24,-1.5
0.0,0.7593,0.0267,0.0,1.0808,0.0005,-0.1183,0.1227,-0.72,-0.72,-0.877,-0.0002,-0.0002,-1.24,-1.5,-1.24,-1.5,-1.24,-1.5,0.7801,0.0,0.0413,1.0418,0.0259,-0.1762,-0.0143,-1.42,-0.525,-1.28,-0.0002,-0.0002,-1.24,-1.57,-1.24,-1.5,-1.24,-1.5
0.0,0.7593,0.0267,-0.0,1.0808,0.0005,-0.1183,0.1227,-0.72,-0.72,-0.877,-0.0002,-0.0002,-1.24,-1.5,-1.24,-1.5,-1.24,-1.5,0.7801,-0.0,0.0413,1.0418,0.0259,-0.1762,-0.0143,-1.42,-0.525,-1.28,-0.0002,-0.0002,-1.24,-1.57,-1.24,-1.5,-1.24,-1.5
0.0,0.7593,0.0267,0.0,1.0808,0.0005,-0.1183,0.1227,-0.72,-0.72,-0.877,-0.0002,-0.0002,-1.24,-1.5,-1.24,-1.5,-1.24,-1.5,0.7801,-0.0,0.0413,1.0418,0.0259,-0.1762,-0.0143,-1.42,-0.525,-1.28,-0.0002,-0.0002,-1.24,-1.57,-1.24,-1.5,-1.24,-1.5
0.0,0.7593,0.0267,0.0,1.0808,0.0005,-0.1183,0.1227,-0.72,-0.72,-0.877,-0.0002,-0.0002,-1.24,-1.5,-1.24,-1.5,-1.24,-1.5,0.7801,0.0,0.0413,1.0418,0.0259,-0.1762,-0.0143,-1.42,-0.525,-1.28,-0.0002,-0.0002,-1.24,-1.57,-1.24,-1.5,-1.24,-1.5
0.0,0.7593,0.0267,-0.0,1.0808,0.0005,-0.1183,0.1227,-0.72,-0.72,-0.877,-0.0002,-0.0002,-1.24,-1.5,-1.24,-1.5,-1.24,-1.5,0.7801,0.0,0.0413,1.0418,0.0259,-0.1762,-0.0143,-1.42,-0.525,-1.28,-0.0002,-0.0002,-1.24,-1.57,-1.24,-1.5,-1.24,-1.5
0.0,0.7593,0.0267,0.0,1.0808,0.0005,-0.1183,0.1227,-0.72,-0.72,-0.877,-0.0002,-0.0002,-1.24,-1.5,-1.24,-1.5,-1.24,-1.5,0.7801,0.0,0.0413,1.0418,0.0259,-0.1762,-0.0143,-1.42,-0.525,-1.28,-0.0002,-0.0002,-1.24,-1.57,-1.24,-1.5,-1.24,-1.5
0.0,0.7593,0.0267,0.0,1.0808,0.0005,-0.1183,0.1227,-0.72,-0.72,-0.877,-0.0002,-0.0002,-1.24,-1.5,-1.24,-1.5,-1.24,-1.5,0.7801,-0.0,0.0413,1.0418,0.0259,-0.1762,-0.0143,-1.42,-0.525,-1.28,-0.0002,-0.0002,-1.24,-1.57,-1.24,-1.5,-1.24,-1.5
0.0,0.7593,0.0267,-0.0,1.0808,0.0005,-0.1183,0.1227,-0.72,-0.72,-0.877,-0.0002,-0.0002,-1.24,-1.5,-1.24,-1.5,-1.24,-1.5,0.7801,-0.0,0.0413,1.0418,0.0259,-0.1762,-0.0143,-1.42,-0.525,-1.28,-0.0002,-0.0002,-1.24,-1.57,-1.24,-1.5,-1.24,-1.5
0.0,0.7593,0.0267,0.0,1.0808,0.0005,-0.1183,0.1227,-0.72,-0.72,-0.877,-0.0002,-0.0002,-1.24,-1.5,-1.24,-1.5,-1.24,-1.5,0.7801,-0.0,0.0413,1.0418,0.0259,-0.1762,-0.0143,-1.42,-0.525,-1.28,-0.0002,-0.0002,-1.24,-1.57,-1.24,-1.5,-1.24,-1.5
0.0,0.7593,0.0267,-0.0,1.0808,0.0005,-0.1183,0.1227,-0.72,-0.72,-0.877,-0.0002,-0.0002,-1.24,-1.5,-1.24,-1.5,-1.24,-1.5,0.7801,-0.0,0.0413,1.0418,0.0259,-0.1762,-0.0143,-1.42,-0.525,-1.28,-0.0002,-0.0002,-1.24,-1.57,-1.24,-1.5,-1.24,-1.5
0.0,0.7593,0.0267,-0.0,1.0808,0.0005,-0.1183,0.1227,-0.72,-0.72,-0.877,-0.0002,-0.0002,-1.24,-1.5,-1.24,-1.5,-1.24,-1.5,0.7801,0.0,0.0413,1.0418,0.0259,-0.1762,-0.0143,-1.42,-0.525,-1.28,-0.0002,-0.0002,-1.24,-1.57,-1.24,-1.5,-1.24,-1.5
0.0,0.7593,0.0267,-0.0,1.0808,0.0005,-0.1183,0.1227,-0.72,-0.72,-0.877,-0.0002,-0.0002,-1.24,-1.5,-1.24,-1.5,-1.24,-1.5,0.7801,-0.0,0.0413,1.0418,0.0259,-0.1762,-0.0143,-1.42,-0.525,-1.28,-0.0002,-0.0002,-1.24,-1.57,-1.24,-1.5,-1.24,-1.5
0.0,0.7593,0.0267,-0.0,1.0808,0.0005,-0.1183,0.1227,-0.72,-0.72,-0.877,-0.0002,-0.0002,-1.24,-1.5,-1.24,-1.5,-1.24,-1.5,0.7801,0.0,0.0413,1.0418,0.0259,-0.1762,-0.0143,-1.42,-0.525,-1.28,-0.0002,-0.0002,-1.24,-1.57,-1.24,-1.5,-1.24,-1.5
0.0,0.7593,0.0267,-0.0,1.0808,0.0005,-0.1183,0.1227,-0.72,-0.72,-0.877,-0.0002,-0.0002,-1.24,-1.5,-1.24,-1.5,-1.24,-1.5,0.7801,0.0,0.0413,1.0418,0.0259,-0.1762,-0.0143,-1.42,-0.525,-1.28,-0.0002,-0.0002,-1.24,-1.57,-1.24,-1.5,-1.24,-1.5
0.0,0.7593,0.0267,0.0,1.0808,0.0005,-0.1183,0.1227,-0.72,-0.72,-0.877,-0.0002,-0.0002,-1.24,-1.5,-1.24,-1.5,-1.24,-1.5,0.7801,0.0,0.0413,1.0418,0.0259,-0.1762,-0.0143,-1.42,-0.525,-1.28,-0.0002,-0.0002,-1.24,-1.57,-1.24,-1.5,-1.24,-1.5
0.0,0.7593,0.0267,0.0,1.0808,0.0005,-0.1183,0.1227,-0.72,-0.72,-0.877,-0.0002,-0.0002,-1.24,-1.5,-1.24,-1.5,-1.24,-1.5,0.7801,0.0,0.0413,1.0418,0.0259,-0.1762,-0.0143,-1.42,-0.525,-1.28,-0.0002,-0.0002,-1.24,-1.57,-1.24,-1.5,-1.24,-1.5
0.0,0.7593,0.0267,0.0,1.0808,0.0005,-0.1183,0.1227,-0.72,-0.72,-0.877,-0.0002,-0.0002,-1.24,-1.5,-1.24,-1.5,-1.24,-1.5,0.7801,0.0,0.0413,1.0418,0.0259,-0.1762,-0.0143,-1.42,-0.525,-1.28,-0.0002,-0.0002,-1.24,-1.57,-1.24,-1.5,-1.24,-1.5
0.0,0.7593,0.0267,-0.0,1.0808,0.0005,-0.1183,0.1227,-0.72,-0.72,-0.877,-0.0002,-0.0002,-1.24,-1.5,-1.24,-1.5,-1.24,-1.5,0.7801,0.0,0.0413,1.0418,0.0259,-0.1762,-0.0143,-1.42,-0.525,-1.28,-0.0002,-0.0002,-1.24,-1.57,-1.24,-1.5,-1.24,-1.5
0.0,0.9393,0.1931,0.0,0.9991,0.0232,-0.1321,0.1855,-0.72,-0.72,-0.877,-0.0002,-0.0002,-1.24,-1.5,-1.24,-1.5,-1.24,-1.5,0.7802,0.0,0.0413,1.0417,0.0259,-0.1762,-0.0143,-1.42,-0.525,-1.28,-0.0002,-0.0002,-1.24,-1.57,-1.24,-1.5,-1.24,-1.5
0.0,1.1193,0.2612,0.1414,0.9174,0.0458,-0.1458,0.1166,-0.72,-0.72,-0.877,-0.0002,-0.0002,-1.24,-1.5,-1.24,-1.5,-1.24,-1.5,0.7803,0.0,0.0412,1.0417,0.0259,-0.1763,-0.0142,-1.42,-0.525,-1.28,-0.0002,-0.0002,-1.24,-1.57,-1.24,-1.5,-1.24,-1.5
0.0,1.2993,0.2379,0.239,0.8358,0.0684,-0.1595,0.046,-0.72,-0.72,-0.877,-0.0001,-0.0002,-1.24,-1.5,-1.24,-1.5,-1.24,-1.5,0.7805,0.0,0.0412,1.0416,0.0258,-0.1763,-0.0142,-1.42,-0.525,-1.28,-0.0002,-0.0002,-1.24,-1.57,-1.24,-1.5,-1.24,-1.5
0.0,1.4793,0.2147,0.3263,0.7541,0.091,-0.1732,0.0001,-0.72,-0.72,-0.877,-0.0001,-0.0001,-1.24,-1.5,-1.24,-1.5,-1.24,-1.5,0.7809,0.0,0.0411,1.0414,0.0258,-0.1763,-0.0141,-1.42,-0.525,-1.28,-0.0002,-0.0002,-1.24,-1.57,-1.24,-1.5,-1.24,-1.5
0.0,1.6593,0.1927,0.4407,0.6725,0.1137,-0.187,-0.0319,-0.72,-0.72,-0.877,-0.0001,-0.0001,-1.24,-1.5,-1.24,-1.5,-1.24,-1.5,0.7814,0.0,0.0411,1.0412,0.0258,-0.1763,-0.0141,-1.42,-0.525,-1.28,-0.0002,-0.0002,-1.24,-1.57,-1.24,-1.5,-1.24,-1.5
0.0,1.7424,0.1662,0.6182,0.5799,0.1393,-0.2025,-0.1141,-0.72,-0.72,-0.877,-0.0001,-0.0001,-1.24,-1.5,-1.24,-1.5,-1.24,-1.5,0.7822,0.0,0.0409,1.0408,0.0257,-0.1764,-0.0139,-1.42,-0.525,-1.28,-0.0002,-0.0002,-1.24,-1.57,-1.24,-1.5,-1.24,-1.5
0.0,1.7698,0.1449,0.7888,0.4909,0.164,-0.2175,-0.2082,-0.72,-0.72,-0.877,-0.0001,-0.0001,-1.24,-1.5,-1.24,-1.5,-1.24,-1.5,0.7832,0.0,0.0408,1.0403,0.0256,-0.1765,-0.0138,-1.42,-0.525,-1.28,-0.0002,-0.0002,-1.24,-1.57,-1.24,-1.5,-1.24,-1.5
0.0,1.742,0.1386,0.8687,0.4472,0.1761,-0.2248,-0.2905,-0.72,-0.72,-0.877,-0.0001,-0.0001,-1.24,-1.5,-1.24,-1.5,-1.24,-1.5,0.7839,0.0,0.0406,1.04,0.0256,-0.1765,-0.0137,-1.42,-0.525,-1.28,-0.0002,-0.0002,-1.24,-1.57,-1.24,-1.5,-1.24,-1.5
0.0,1.7659,0.1288,0.9042,0.4036,0.1882,-0.2322,-0.3188,-0.72,-0.72,-0.877,-0.0001,-0.0001,-1.24,-1.5,-1.24,-1.5,-1.24,-1.5,0.7847,0.0,0.0405,1.0396,0.0255,-0.1766,-0.0135,-1.42,-0.525,-1.28,-0.0002,-0.0002,-1.24,-1.57,-1.24,-1.5,-1.24,-1.5
0.0,1.7894,0.1189,0.9168,0.3641,0.1991,-0.2388,-0.3414,-0.72,-0.72,-0.877,-0.0001,-0.0001,-1.24,-1.5,-1.24,-1.5,-1.24,-1.5,0.7858,0.0,0.0403,1.0391,0.0254,-0.1767,-0.0134,-1.42,-0.525,-1.28,-0.0002,-0.0002,-1.24,-1.57,-1.24,-1.5,-1.24,-1.5
0.0,1.7594,0.1175,0.9065,0.3312,0.2082,-0.2443,-0.4134,-0.72,-0.72,-0.877,-0.0001,-0.0001,-1.24,-1.5,-1.24,-1.5,-1.24,-1.5,0.7869,0.0,0.0401,1.0386,0.0253,-0.1768,-0.0132,-1.42,-0.525,-1.28,-0.0002,-0.0002,-1.24,-1.57,-1.24,-1.5,-1.24,-1.5
0.0,1.7812,0.1164,0.927,0.2975,0.2176,-0.25,-0.4287,-0.72,-0.72,-0.877,-0.0001,-0.0001,-1.24,-1.5,-1.24,-1.5,-1.24,-1.5,0.7884,0.0,0.0399,1.0379,0.0252,-0.1769,-0.013,-1.42,-0.525,-1.28,-0.0002,-0.0002,-1.24,-1.57,-1.24,-1.5,-1.24,-1.5
0.0,1.8027,0.1184,0.9441,0.2682,0.2258,-0.255,-0.4359,-0.72,-0.72,-0.877,-0.0,-0.0001,-1.24,-1.5,-1.24,-1.5,-1.24,-1.5,0.79,0.0,0.0397,1.0371,0.0251,-0.177,-0.0128,-1.42,-0.525,-1.28,-0.0002,-0.0002,-1.24,-1.57,-1.24,-1.5,-1.24,-1.5
0.0,1.7713,0.129,0.9397,0.2415,0.2333,-0.2595,-0.5031,-0.72,-0.72,-0.877,-0.0,-0.0,-1.24,-1.5,-1.24,-1.5,-1.24,-1.5,0.7918,0.0,0.0394,1.0363,0.0249,-0.1771,-0.0125,-1.42,-0.525,-1.28,-0.0002,-0.0002,-1.24,-1.57,-1.24,-1.5,-1.24,-1.5
0.0,1.7898,0.1357,0.9534,0.223,0.2398,-0.2635,-0.5031,-0.72,-0.72,-0.877,-0.0,-0.0,-1.24,-1.5,-1.24,-1.5,-1.24,-1.5,0.7937,0.0,0.0391,1.0354,0.0248,-0.1772,-0.0122,-1.42,-0.525,-1.28,-0.0002,-0.0002,-1.24,-1.57,-1.24,-1.5,-1.24,-1.5
0.0,1.8326,0.1299,0.9701,0.1941,0.2481,-0.2685,-0.4896,-0.72,-0.72,-0.877,-0.0,-0.0,-1.24,-1.5,-1.24,-1.5,-1.24,-1.5,0.7966,0.0,0.0387,1.0341,0.0245,-0.1774,-0.0118,-1.42,-0.525,-1.28,-0.0002,-0.0002,-1.24,-1.57,-1.24,-1.5,-1.24,-1.5
0.0,1.8487,0.1199,0.9081,0.1591,0.2575,-0.2742,-0.5192,-0.72,-0.72,-0.877,-0.0,-0.0,-1.24,-1.5,-1.24,-1.5,-1.24,-1.5,0.8007,0.0,0.0381,1.0322,0.0242,-0.1777,-0.0113,-1.42,-0.525,-1.28,-0.0002,-0.0002,-1.24,-1.57,-1.24,-1.5,-1.24,-1.5
0.0,1.8429,0.1149,0.8248,0.1348,0.264,-0.2781,-0.5624,-0.72,-0.72,-0.877,-0.0,-0.0,-1.24,-1.5,-1.24,-1.5,-1.24,-1.5,0.8041,0.0,0.0376,1.0306,0.0239,-0.1779,-0.0108,-1.42,-0.525,-1.28,-0.0001,-0.0002,-1.24,-1.57,-1.24,-1.5,-1.24,-1.5
0.0,1.8588,0.1101,0.7744,0.1188,0.2688,-0.2811,-0.5698,-0.72,-0.72,-0.877,-0.0,-0.0,-1.24,-1.5,-1.24,-1.5,-1.24,-1.5,0.8072,0.0,0.0371,1.0292,0.0237,-0.1781,-0.0104,-1.42,-0.525,-1.28,-0.0001,-0.0002,-1.24,-1.57,-1.24,-1.5,-1.24,-1.5
0.0,1.8662,0.1155,0.7853,0.1117,0.2719,-0.283,-0.5698,-0.72,-0.72,-0.877,-0.0,-0.0,-1.24,-1.5,-1.24,-1.5,-1.24,-1.5,0.8096,0.0,0.0368,1.0281,0.0235,-0.1782,-0.0101,-1.42,-0.525,-1.28,-0.0001,-0.0002,-1.24,-1.57,-1.24,-1.5,-1.24,-1.5
0.0,1.8717,0.1212,0.794,0.1068,0.2746,-0.2846,-0.5698,-0.72,-0.72,-0.877,-0.0,-0.0,-1.24,-1.5,-1.24,-1.5,-1.24,-1.5,0.8122,0.0,0.0364,1.0269,0.0233,-0.1783,-0.0097,-1.42,-0.525,-1.28,-0.0001,-0.0002,-1.24,-1.57,-1.24,-1.5,-1.24,-1.5
0.0,1.8759,0.1266,0.7953,0.1037,0.277,-0.2861,-0.5698,-0.72,-0.72,-0.877,-0.0,-0.0,-1.24,-1.5,-1.24,-1.5,-1.24,-1.5,0.8148,0.0,0.0361,1.0257,0.0231,-0.1785,-0.0094,-1.42,-0.525,-1.28,-0.0001,-0.0002,-1.24,-1.57,-1.24,-1.5,-1.24,-1.5
0.0,1.8801,0.1317,0.8084,0.1008,0.2792,-0.2874,-0.5698,-0.72,-0.72,-0.877,-0.0,-0.0,-1.24,-1.5,-1.24,-1.5,-1.24,-1.5,0.8176,0.0,0.0357,1.0245,0.0229,-0.1786,-0.009,-1.42,-0.525,-1.28,-0.0001,-0.0002,-1.24,-1.57,-1.24,-1.5,-1.24,-1.5
0.0,1.8832,0.1375,0.8265,0.099,0.2812,-0.2886,-0.5698,-0.72,-0.72,-0.877,-0.0,-0.0,-1.24,-1.5,-1.24,-1.5,-1.24,-1.5,0.8205,0.0,0.0353,1.0232,0.0227,-0.1787,-0.0087,-1.42,-0.525,-1.28,-0.0001,-0.0002,-1.24,-1.57,-1.24,-1.5,-1.24,-1.5
0.0,1.8848,0.1438,0.8421,0.0988,0.2829,-0.2896,-0.5698,-0.72,-0.72,-0.877,-0.0,-0.0,-1.24,-1.5,-1.24,-1.5,-1.24,-1.5,0.8235,0.0,0.0349,1.0218,0.0225,-0.1789,-0.0083,-1.42,-0.525,-1.28,-0.0001,-0.0002,-1.24,-1.57,-1.24,-1.5,-1.24,-1.5
0.0,1.8882,0.1465,0.8637,0.0941,0.2848,-0.2908,-0.5742,-0.72,-0.72,-0.877,-0.0,-0.0,-1.24,-1.5,-1.24,-1.5,-1.24,-1.5,0.8272,0.0,0.0344,1.0202,0.0222,-0.179,-0.0079,-1.42,-0.525,-1.28,-0.0001,-0.0002,-1.24,-1.57,-1.24,-1.5,-1.24,-1.5
0.0,1.888,0.1254,0.7027,0.0766,0.2877,-0.2925,-0.6111,-0.72,-0.72,-0.877,-0.0,-0.0,-1.24,-1.5,-1.24,-1.5,-1.24,-1.5,0.8333,0.0,0.0336,1.0174,0.0218,-0.1793,-0.0072,-1.42,-0.525,-1.28,-0.0001,-0.0002,-1.24,-1.57,-1.24,-1.5,-1.24,-1.5
0.0,1.8872,0.1261,0.635,0.0776,0.2888,-0.2932,-0.6111,-0.72,-0.72,-0.877,-0.0,-0.0,-1.24,-1.5,-1.24,-1.5,-1.24,-1.5,0.8363,0.0,0.0332,1.0161,0.0216,-0.1794,-0.0068,-1.42,-0.525,-1.28,-0.0001,-0.0002,-1.24,-1.57,-1.24,-1.5,-1.24,-1.5
0.0,1.8977,0.1214,0.6132,0.0706,0.2901,-0.294,-0.6111,-0.72,-0.72,-0.877,-0.0,-0.0,-1.24,-1.5,-1.24,-1.5,-1.24,-1.5,0.8396,0.0,0.0328,1.0146,0.0213,-0.1795,-0.0065,-1.42,-0.525,-1.28,-0.0001,-0.0002,-1.24,-1.57,-1.24,-1.5,-1.24,-1.5
0.0,1.9086,0.1157,0.5763,0.0639,0.2911,-0.2946,-0.6111,-0.72,-0.72,-0.877,-0.0,-0.0,-1.24,-1.5,-1.24,-1.5,-1.24,-1.5,0.8429,0.0,0.0324,1.0131,0.0211,-0.1797,-0.0061,-1.42,-0.525,-1.28,-0.0001,-0.0002,-1.24,-1.57,-1.24,-1.5,-1.24,-1.5
0.0,1.8998,0.1223,0.5518,0.0685,0.2919,-0.2951,-0.6115,-0.72,-0.72,-0.877,-0.0,-0.0,-1.24,-1.5,-1.24,-1.5,-1.24,-1.5,0.8458,0.0,0.032,1.0119,0.0209,-0.1798,-0.0058,-1.42,-0.525,-1.28,-0.0001,-0.0002,-1.24,-1.57,-1.24,-1.5,-1.24,-1.5
0.0,1.9114,0.1179,0.5616,0.0612,0.2928,-0.2956,-0.6118,-0.72,-0.72,-0.877,-0.0,-0.0,-1.24,-1.5,-1.24,-1.5,-1.24,-1.5,0.8491,0.0,0.0316,1.0104,0.0206,-0.1799,-0.0054,-1.42,-0.525,-1.28,-0.0001,-0.0002,-1.24,-1.57,-1.24,-1.5,-1.24,-1.5
0.0,1.9222,0.1131,0.5439,0.0546,0.2936,-0.2961,-0.6118,-0.72,-0.72,-0.877,-0.0,-0.0,-1.24,-1.5,-1.24,-1.5,-1.24,-1.5,0.8523,0.0,0.0312,1.009,0.0204,-0.18,-0.0051,-1.42,-0.525,-1.28,-0.0001,-0.0002,-1.24,-1.57,-1.24,-1.5,-1.24,-1.5
0.0,1.9127,0.1192,0.5159,0.06,0.2942,-0.2965,-0.6119,-0.72,-0.72,-0.877,-0.0,-0.0,-1.24,-1.5,-1.24,-1.5,-1.24,-1.5,0.8551,0.0,0.0309,1.0077,0.0202,-0.1801,-0.0048,-1.42,-0.525,-1.28,-0.0001,-0.0002,-1.24,-1.57,-1.24,-1.5,-1.24,-1.5
0.0,1.9227,0.1161,0.5412,0.0536,0.2948,-0.2968,-0.6119,-0.72,-0.72,-0.877,-0.0,-0.0,-1.24,-1.5,-1.24,-1.5,-1.24,-1.5,0.8582,0.0,0.0305,1.0063,0.02,-0.1802,-0.0044,-1.42,-0.525,-1.28,-0.0001,-0.0002,-1.24,-1.57,-1.24,-1.5,-1.24,-1.5
0.0,1.9334,0.1106,0.5046,0.0478,0.2953,-0.2972,-0.6119,-0.72,-0.72,-0.877,-0.0,-0.0,-1.24,-1.5,-1.24,-1.5,-1.24,-1.5,0.8612,0.0,0.0301,1.005,0.0197,-0.1803,-0.0041,-1.42,-0.525,-1.28,-0.0001,-0.0002,-1.24,-1.57,-1.24,-1.5,-1.24,-1.5
0.0,1.9226,0.1167,0.4751,0.0537,0.2958,-0.2974,-0.6119,-0.72,-0.72,-0.877,-0.0,-0.0,-1.24,-1.5,-1.24,-1.5,-1.24,-1.5,0.8638,0.0,0.0298,1.0039,0.0195,-0.1804,-0.0038,-1.42,-0.525,-1.28,-0.0001,-0.0002,-1.24,-1.57,-1.24,-1.5,-1.24,-1.5
0.0,1.9295,0.1155,0.5251,0.048,0.2962,-0.2977,-0.6119,-0.72,-0.72,-0.877,-0.0,-0.0,-1.24,-1.5,-1.24,-1.5,-1.24,-1.5,0.8666,0.0,0.0294,1.0026,0.0193,-0.1805,-0.0035,-1.42,-0.525,-1.28,-0.0001,-0.0002,-1.24,-1.57,-1.24,-1.5,-1.24,-1.5
0.0,1.9404,0.1099,0.4796,0.0428,0.2966,-0.298,-0.6119,-0.72,-0.72,-0.877,-0.0,-0.0,-1.24,-1.5,-1.24,-1.5,-1.24,-1.5,0.8694,0.0,0.0291,1.0014,0.0191,-0.1806,-0.0033,-1.42,-0.525,-1.28,-0.0001,-0.0001,-1.24,-1.57,-1.24,-1.5,-1.24,-1.5
0.0,1.9459,0.1078,0.4421,0.0384,0.297,-0.2982,-0.6119,-0.72,-0.72,-0.877,-0.0,-0.0,-1.24,-1.5,-1.24,-1.5,-1.24,-1.5,0.872,0.0,0.0287,1.0002,0.0189,-0.1806,-0.003,-1.42,-0.525,-1.28,-0.0001,-0.0001,-1.24,-1.57,-1.24,-1.5,-1.24,-1.5
0.0,1.9455,0.1088,0.4376,0.036,0.2973,-0.2984,-0.6119,-0.72,-0.72,-0.877,-0.0,-0.0,-1.24,-1.5,-1.24,-1.5,-1.24,-1.5,0.8746,0.0,0.0284,0.999,0.0187,-0.1807,-0.0027,-1.42,-0.525,-1.28,-0.0001,-0.0001,-1.24,-1.57,-1.24,-1.5,-1.24,-1.5
0.0,1.9452,0.1098,0.4433,0.0338,0.2976,-0.2986,-0.6119,-0.72,-0.72,-0.877,-0.0,-0.0,-1.24,-1.5,-1.24,-1.5,-1.24,-1.5,0.877,0.0,0.0281,0.998,0.0185,-0.1808,-0.0025,-1.42,-0.525,-1.28,-0.0001,-0.0001,-1.24,-1.57,-1.24,-1.5,-1.24,-1.5
0.0,1.946,0.1101,0.443,0.0315,0.2979,-0.2987,-0.6119,-0.72,-0.72,-0.877,-0.0,-0.0,-1.24,-1.5,-1.24,-1.5,-1.24,-1.5,0.8793,0.0,0.0278,0.9969,0.0183,-0.1809,-0.0022,-1.42,-0.525,-1.28,-0.0001,-0.0001,-1.24,-1.57,-1.24,-1.5,-1.24,-1.5
0.0,1.9467,0.1103,0.4389,0.0297,0.2981,-0.2989,-0.6119,-0.72,-0.72,-0.877,-0.0,-0.0,-1.24,-1.5,-1.24,-1.5,-1.24,-1.5,0.8815,0.0,0.0275,0.996,0.0181,-0.181,-0.002,-1.42,-0.525,-1.28,-0.0001,-0.0001,-1.24,-1.57,-1.24,-1.5,-1.24,-1.5
0.0,1.9469,0.1107,0.4397,0.0282,0.2983,-0.299,-0.6119,-0.72,-0.72,-0.877,-0.0,-0.0,-1.24,-1.5,-1.24,-1.5,-1.24,-1.5,0.8835,0.0,0.0272,0.9951,0.018,-0.181,-0.0018,-1.42,-0.525,-1.28,-0.0001,-0.0001,-1.24,-1.57,-1.24,-1.5,-1.24,-1.5
0.0,1.9474,0.1109,0.441,0.0267,0.2985,-0.2991,-0.6119,-0.72,-0.72,-0.877,-0.0,-0.0,-1.24,-1.5,-1.24,-1.5,-1.24,-1.5,0.8854,0.0,0.027,0.9942,0.0178,-0.1811,-0.0016,-1.42,-0.525,-1.28,-0.0001,-0.0001,-1.24,-1.57,-1.24,-1.5,-1.24,-1.5
0.0,1.9481,0.111,0.438,0.0255,0.2987,-0.2992,-0.6119,-0.72,-0.72,-0.877,-0.0,-0.0,-1.24,-1.5,-1.24,-1.5,-1.24,-1.5,0.8872,0.0,0.0267,0.9934,0.0177,-0.1812,-0.0014,-1.42,-0.525,-1.28,-0.0001,-0.0001,-1.24,-1.57,-1.24,-1.5,-1.24,-1.5
0.0,1.9481,0.1113,0.4305,0.0249,0.2988,-0.2993,-0.6119,-0.72,-0.72,-0.877,-0.0,-0.0,-1.24,-1.5,-1.24,-1.5,-1.24,-1.5,0.8889,0.0,0.0265,0.9926,0.0175,-0.1812,-0.0012,-1.42,-0.525,-1.28,-0.0001,-0.0001,-1.24,-1.57,-1.24,-1.5,-1.24,-1.5
0.0,1.9473,0.112,0.4361,0.0246,0.299,-0.2994,-0.6119,-0.72,-0.72,-0.877,-0.0,-0.0,-1.24,-1.5,-1.24,-1.5,-1.24,-1.5,0.8905,0.0,0.0263,0.9919,0.0174,-0.1813,-0.001,-1.42,-0.525,-1.28,-0.0001,-0.0001,-1.24,-1.57,-1.24,-1.5,-1.24,-1.5
0.0,1.9476,0.1121,0.4346,0.024,0.2991,-0.2994,-0.6119,-0.72,-0.72,-0.877,-0.0,-0.0,-1.24,-1.5,-1.24,-1.5,-1.24,-1.5,0.892,0.0,0.0261,0.9912,0.0173,-0.1813,-0.0009,-1.42,-0.525,-1.28,-0.0001,-0.0001,-1.24,-1.57,-1.24,-1.5,-1.24,-1.5
0.0,1.9478,0.1123,0.4387,0.0233,0.2992,-0.2995,-0.6119,-0.72,-0.72,-0.877,-0.0,-0.0,-1.24,-1.5,-1.24,-1.5,-1.24,-1.5,0.8933,0.0,0.0259,0.9906,0.0171,-0.1814,-0.0007,-1.42,-0.525,-1.28,-0.0001,-0.0001,-1.24,-1.57,-1.24,-1.5,-1.24,-1.5
0.0,1.9485,0.1121,0.4349,0.0227,0.2993,-0.2996,-0.6119,-0.72,-0.72,-0.877,-0.0,-0.0,-1.24,-1.5,-1.24,-1.5,-1.24,-1.5,0.8946,0.0,0.0257,0.99,0.017,-0.1815,-0.0006,-1.42,-0.525,-1.28,-0.0001,-0.0001,-1.24,-1.57,-1.24,-1.5,-1.24,-1.5
0.0,1.9483,0.1123,0.4276,0.0227,0.2993,-0.2996,-0.6119,-0.72,-0.72,-0.877,-0.0,-0.0,-1.24,-1.5,-1.24,-1.5,-1.24,-1.5,0.8958,0.0,0.0255,0.9895,0.0169,-0.1815,-0.0005,-1.42,-0.525,-1.28,-0.0001,-0.0001,-1.24,-1.57,-1.24,-1.5,-1.24,-1.5
0.0,1.9474,0.1129,0.4342,0.0228,0.2994,-0.2996,-0.6119,-0.72,-0.72,-0.877,-0.0,-0.0,-1.24,-1.5,-1.24,-1.5,-1.24,-1.5,0.8969,0.0,0.0254,0.989,0.0168,-0.1816,-0.0003,-1.42,-0.525,-1.28,-0.0001,-0.0001,-1.24,-1.57,-1.24,-1.5,-1.24,-1.5
0.0,1.9476,0.1129,0.4331,0.0225,0.2995,-0.2997,-0.6119,-0.72,-0.72,-0.877,-0.0,-0.0,-1.24,-1.5,-1.24,-1.5,-1.24,-1.5,0.898,0.0,0.0252,0.9885,0.0167,-0.1816,-0.0002,-1.42,-0.525,-1.28,-0.0001,-0.0001,-1.24,-1.57,-1.24,-1.5,-1.24,-1.5
0.0,1.9478,0.113,0.4364,0.0222,0.2995,-0.2997,-0.6119,-0.72,-0.72,-0.877,-0.0,-0.0,-1.24,-1.5,-1.24,-1.5,-1.24,-1.5,0.8989,0.0,0.025,0.9881,0.0166,-0.1817,-0.0001,-1.42,-0.525,-1.28,-0.0001,-0.0001,-1.24,-1.57,-1.24,-1.5,-1.24,-1.5
0.0,1.9482,0.1128,0.4286,0.022,0.2996,-0.2998,-0.6119,-0.72,-0.72,-0.877,-0.0,-0.0,-1.24,-1.5,-1.24,-1.5,-1.24,-1.5,0.8998,0.0,0.0249,0.9877,0.0165,-0.1817,-0.0,-1.42,-0.525,-1.28,-0.0001,-0.0001,-1.24,-1.57,-1.24,-1.5,-1.24,-1.5
0.0,1.9474,0.1133,0.4304,0.0223,0.2996,-0.2998,-0.6119,-0.72,-0.72,-0.877,-0.0,-0.0,-1.24,-1.5,-1.24,-1.5,-1.24,-1.5,0.9006,0.0,0.0248,0.9873,0.0164,-0.1817,0.0001,-1.42,-0.525,-1.28,-0.0001,-0.0001,-1.24,-1.57,-1.24,-1.5,-1.24,-1.5
0.0,1.9472,0.1135,0.4326,0.0223,0.2997,-0.2998,-0.6119,-0.72,-0.72,-0.877,-0.0,-0.0,-1.24,-1.5,-1.24,-1.5,-1.24,-1.5,0.9014,0.0,0.0247,0.9869,0.0164,-0.1818,0.0002,-1.42,-0.525,-1.28,-0.0001,-0.0001,-1.24,-1.57,-1.24,-1.5,-1.24,-1.5
0.0,1.9474,0.1134,0.4369,0.022,0.2997,-0.2998,-0.6119,-0.72,-0.72,-0.877,-0.0,-0.0,-1.24,-1.5,-1.24,-1.5,-1.24,-1.5,0.9021,0.0,0.0245,0.9866,0.0163,-0.1818,0.0002,-1.42,-0.525,-1.28,-0.0001,-0.0001,-1.24,-1.57,-1.24,-1.5,-1.24,-1.5
0.0,1.9481,0.1131,0.4279,0.0219,0.2997,-0.2998,-0.6119,-0.72,-0.72,-0.877,-0.0,-0.0,-1.24,-1.5,-1.24,-1.5,-1.24,-1.5,0.9027,0.0,0.0244,0.9863,0.0162,-0.1819,0.0003,-1.42,-0.525,-1.28,-0.0001,-0.0001,-1.24,-1.57,-1.24,-1.5,-1.24,-1.5
0.0,1.9472,0.1135,0.4284,0.0223,0.2998,-0.2999,-0.6119,-0.72,-0.72,-0.877,-0.0,-0.0,-1.24,-1.5,-1.24,-1.5,-1.24,-1.5,0.9033,0.0,0.0243,0.986,0.0162,-0.1819,0.0004,-1.42,-0.525,-1.28,-0.0001,-0.0001,-1.24,-1.57,-1.24,-1.5,-1.24,-1.5
0.0,1.9469,0.1138,0.4373,0.0222,0.2998,-0.2999,-0.6119,-0.72,-0.72,-0.877,-0.0,-0.0,-1.24,-1.5,-1.24,-1.5,-1.24,-1.5,0.9039,0.0,0.0242,0.9858,0.0161,-0.1819,0.0005,-1.42,-0.525,-1.28,-0.0001,-0.0001,-1.24,-1.57,-1.24,-1.5,-1.24,-1.5
0.0,1.9478,0.1134,0.4344,0.0218,0.2998,-0.2999,-0.6119,-0.72,-0.72,-0.877,-0.0,-0.0,-1.24,-1.5,-1.24,-1.5,-1.24,-1.5,0.9044,0.0,0.0242,0.9855,0.0161,-0.182,0.0005,-1.42,-0.525,-1.28,-0.0001,-0.0001,-1.24,-1.57,-1.24,-1.5,-1.24,-1.5
0.0,1.948,0.1132,0.4275,0.0218,0.2998,-0.2999,-0.6119,-0.72,-0.72,-0.877,-0.0,-0.0,-1.24,-1.5,-1.24,-1.5,-1.24,-1.5,0.9049,0.0,0.0241,0.9853,0.016,-0.182,0.0006,-1.42,-0.525,-1.28,-0.0001,-0.0001,-1.24,-1.57,-1.24,-1.5,-1.24,-1.5
0.0,1.9471,0.1137,0.4313,0.0221,0.2999,-0.2999,-0.6119,-0.72,-0.72,-0.877,-0.0,-0.0,-1.24,-1.5,-1.24,-1.5,-1.24,-1.5,0.9053,0.0,0.024,0.9851,0.016,-0.182,0.0006,-1.42,-0.525,-1.28,-0.0001,-0.0001,-1.24,-1.57,-1.24,-1.5,-1.24,-1.5
0.0,1.9471,0.1137,0.4323,0.0221,0.2999,-0.2999,-0.6119,-0.72,-0.72,-0.877,-0.0,-0.0,-1.24,-1.5,-1.24,-1.5,-1.24,-1.5,0.9057,0.0,0.0239,0.9849,0.0159,-0.182,0.0007,-1.42,-0.525,-1.28,-0.0001,-0.0001,-1.24,-1.57,-1.24,-1.5,-1.24,-1.5
0.0,1.9471,0.1136,0.4286,0.0222,0.2999,-0.2999,-0.6119,-0.72,-0.72,-0.877,-0.0,-0.0,-1.24,-1.5,-1.24,-1.5,-1.24,-1.5,0.906,0.0,0.0239,0.9847,0.0159,-0.1821,0.0007,-1.42,-0.525,-1.28,-0.0001,-0.0001,-1.24,-1.57,-1.24,-1.5,-1.24,-1.5
0.0,1.9466,0.1139,0.429,0.0225,0.2999,-0.2999,-0.6119,-0.72,-0.72,-0.877,-0.0,-0.0,-1.24,-1.5,-1.24,-1.5,-1.24,-1.5,0.9064,0.0,0.0238,0.9846,0.0158,-0.1821,0.0008,-1.42,-0.525,-1.28,-0.0001,-0.0001,-1.24,-1.57,-1.24,-1.5,-1.24,-1.5
0.0,1.9464,0.114,0.4326,0.0226,0.2999,-0.2999,-0.6119,-0.72,-0.72,-0.877,-0.0,-0.0,-1.24,-1.5,-1.24,-1.5,-1.24,-1.5,0.9067,0.0,0.0237,0.9844,0.0158,-0.1821,0.0008,-1.42,-0.525,-1.28,-0.0001,-0.0001,-1.24,-1.57,-1.24,-1.5,-1.24,-1.5
0.0,1.9467,0.1139,0.432,0.0224,0.2999,-0.3,-0.6119,-0.72,-0.72,-0.877,-0.0,-0.0,-1.24,-1.5,-1.24,-1.5,-1.24,-1.5,0.9069,0.0,0.0237,0.9843,0.0158,-0.1821,0.0008,-1.42,-0.525,-1.28,-0.0001,-0.0001,-1.24,-1.57,-1.24,-1.5,-1.24,-1.5
0.0,1.9468,0.1138,0.4345,0.0222,0.2999,-0.3,-0.6119,-0.72,-0.72,-0.877,-0.0,-0.0,-1.24,-1.5,-1.24,-1.5,-1.24,-1.5,0.9072,0.0,0.0236,0.9842,0.0157,-0.1822,0.0009,-1.42,-0.525,-1.28,-0.0001,-0.0001,-1.24,-1.57,-1.24,-1.5,-1.24,-1.5
0.0,1.9472,0.1136,0.4273,0.0222,0.2999,-0.3,-0.6119,-0.72,-0.72,-0.877,-0.0,-0.0,-1.24,-1.5,-1.24,-1.5,-1.24,-1.5,0.9074,0.0,0.0236,0.9841,0.0157,-0.1822,0.0009,-1.42,-0.525,-1.28,-0.0001,-0.0001,-1.24,-1.57,-1.24,-1.5,-1.24,-1.5
0.0,1.9465,0.1139,0.4328,0.0224,0.2999,-0.3,-0.6119,-0.72,-0.72,-0.877,-0.0,-0.0,-1.24,-1.5,-1.24,-1.5,-1.24,-1.5,0.9076,0.0,0.0235,0.984,0.0157,-0.1822,0.0009,-1.42,-0.525,-1.28,-0.0001,-0.0001,-1.24,-1.57,-1.24,-1.5,-1.24,-1.5
0.0,1.9467,0.1138,0.4298,0.0224,0.3,-0.3,-0.6119,-0.72,-0.72,-0.877,-0.0,-0.0,-1.24,-1.5,-1.24,-1.5,-1.24,-1.5,0.9078,0.0,0.0235,0.9839,0.0156,-0.1822,0.001,-1.42,-0.525,-1.28,-0.0001,-0.0001,-1.24,-1.57,-1.24,-1.5,-1.24,-1.5
0.0,1.9464,0.1139,0.4295,0.0226,0.3,-0.3,-0.6119,-0.72,-0.72,-0.877,-0.0,-0.0,-1.24,-1.5,-1.24,-1.5,-1.24,-1.5,0.908,0.0,0.0235,0.9838,0.0156,-0.1822,0.001,-1.42,-0.525,-1.28,-0.0001,-0.0001,-1.24,-1.57,-1.24,-1.5,-1.24,-1.5
0.0,1.9463,0.114,0.4355,0.0225,0.3,-0.3,-0.6119,-0.72,-0.72,-0.877,-0.0,-0.0,-1.24,-1.5,-1.24,-1.5,-1.24,-1.5,0.9082,0.0,0.0234,0.9837,0.0156,-0.1822,0.001,-1.42,-0.525,-1.28,-0.0001,-0.0001,-1.24,-1.57,-1.24,-1.5,-1.24,-1.5
0.0,1.9469,0.1136,0.4288,0.0223,0.3,-0.3,-0.6119,-0.72,-0.72,-0.877,-0.0,-0.0,-1.24,-1.5,-1.24,-1.5,-1.24,-1.5,0.9083,0.0,0.0234,0.9836,0.0156,-0.1823,0.001,-1.42,-0.525,-1.28,-0.0001,-0.0001,-1.24,-1.57,-1.24,-1.5,-1.24,-1.5
0.0,1.9464,0.1139,0.4322,0.0225,0.3,-0.3,-0.6119,-0.72,-0.72,-0.877,-0.0,-0.0,-1.24,-1.5,-1.24,-1.5,-1.24,-1.5,0.9085,0.0,0.0234,0.9836,0.0156,-0.1823,0.0011,-1.42,-0.525,-1.28,-0.0001,-0.0001,-1.24,-1.57,-1.24,-1.5,-1.24,-1.5
0.0,1.9466,0.1138,0.4333,0.0223,0.3,-0.3,-0.6119,-0.72,-0.72,-0.877,-0.0,-0.0,-1.24,-1.5,-1.24,-1.5,-1.24,-1.5,0.9086,0.0,0.0233,0.9835,0.0155,-0.1823,0.0011,-1.42,-0.525,-1.28,-0.0001,-0.0001,-1.24,-1.57,-1.24,-1.5,-1.24,-1.5
0.0,1.9468,0.1137,0.4315,0.0222,0.3,-0.3,-0.6119,-0.72,-0.72,-0.877,-0.0,-0.0,-1.24,-1.5,-1.24,-1.5,-1.24,-1.5,0.9087,0.0,0.0233,0.9834,0.0155,-0.1823,0.0011,-1.42,-0.525,-1.28,-0.0001,-0.0001,-1.24,-1.57,-1.24,-1.5,-1.24,-1.5
0.0,1.9466,0.1137,0.4268,0.0224,0.3,-0.3,-0.6119,-0.72,-0.72,-0.877,-0.0,-0.0,-1.24,-1.5,-1.24,-1.5,-1.24,-1.5,0.9088,0.0,0.0233,0.9834,0.0155,-0.1823,0.0011,-1.42,-0.525,-1.28,-0.0001,-0.0001,-1.24,-1.57,-1.24,-1.5,-1.24,-1.5
0.0,1.9459,0.1141,0.4337,0.0226,0.3,-0.3,-0.6119,-0.72,-0.72,-0.877,-0.0,-0.0,-1.24,-1.5,-1.24,-1.5,-1.24,-1.5,0.9089,0.0,0.0233,0.9833,0.0155,-0.1823,0.0011,-1.42,-0.525,-1.28,-0.0001,-0.0001,-1.24,-1.57,-1.24,-1.5,-1.24,-1.5
0.0,1.9464,0.1138,0.4317,0.0224,0.3,-0.3,-0.6119,-0.72,-0.72,-0.877,-0.0,-0.0,-1.24,-1.5,-1.24,-1.5,-1.24,-1.5,0.909,0.0,0.0232,0.9833,0.0155,-0.1823,0.0011,-1.42,-0.525,-1.28,-0.0001,-0.0001,-1.24,-1.57,-1.24,-1.5,-1.24,-1.5
0.0,1.9464,0.1138,0.4324,0.0223,0.3,-0.3,-0.6119,-0.72,-0.72,-0.877,-0.0,-0.0,-1.24,-1.5,-1.24,-1.5,-1.24,-1.5,0.9091,0.0,0.0232,0.9833,0.0155,-0.1823,0.0011,-1.42,-0.525,-1.28,-0.0001,-0.0001,-1.24,-1.57,-1.24,-1.5,-1.24,-1.5
0.0,1.9465,0.1137,0.4316,0.0223,0.3,-0.3,-0.6119,-0.72,-0.72,-0.877,-0.0,-0.0,-1.24,-1.5,-1.24,-1.5,-1.24,-1.5,0.9091,0.0,0.0232,0.9832,0.0155,-0.1823,0.0012,-1.42,-0.525,-1.28,-0.0001,-0.0001,-1.24,-1.57,-1.24,-1.5,-1.24,-1.5
0.0,1.9464,0.1137,0.4267,0.0225,0.3,-0.3,-0.6119,-0.72,-0.72,-0.877,-0.0,-0.0,-1.24,-1.5,-1.24,-1.5,-1.24,-1.5,0.9092,0.0,0.0232,0.9832,0.0154,-0.1823,0.0012,-1.42,-0.525,-1.28,-0.0001,-0.0001,-1.24,-1.57,-1.24,-1.5,-1.24,-1.5
0.0,1.9457,0.1141,0.434,0.0227,0.3,-0.3,-0.6119,-0.72,-0.72,-0.877,-0.0,-0.0,-1.24,-1.5,-1.24,-1.5,-1.24,-1.5,0.9093,0.0,0.0232,0.9832,0.0154,-0.1824,0.0012,-1.42,-0.525,-1.28,-0.0001,-0.0001,-1.24,-1.57,-1.24,-1.5,-1.24,-1.5
0.0,1.9462,0.1138,0.4303,0.0225,0.3,-0.3,-0.6119,-0.72,-0.72,-0.877,-0.0,-0.0,-1.24,-1.5,-1.24,-1.5,-1.24,-1.5,0.9093,0.0,0.0232,0.9831,0.0154,-0.1824,0.0012,-1.42,-0.525,-1.28,-0.0001,-0.0001,-1.24,-1.57,-1.24,-1.5,-1.24,-1.5
0.0,1.946,0.1139,0.4288,0.0227,0.3,-0.3,-0.6119,-0.72,-0.72,-0.877,-0.0,-0.0,-1.24,-1.5,-1.24,-1.5,-1.24,-1.5,0.9094,0.0,0.0231,0.9831,0.0154,-0.1824,0.0012,-1.42,-0.525,-1.28,-0.0001,-0.0001,-1.24,-1.57,-1.24,-1.5,-1.24,-1.5
0.0,1.9456,0.1141,0.4307,0.0228,0.3,-0.3,-0.6119,-0.72,-0.72,-0.877,-0.0,-0.0,-1.24,-1.5,-1.24,-1.5,-1.24,-1.5,0.9094,0.0,0.0231,0.9831,0.0154,-0.1824,0.0012,-1.42,-0.525,-1.28,-0.0001,-0.0001,-1.24,-1.57,-1.24,-1.5,-1.24,-1.5
0.0,1.9457,0.1141,0.4369,0.0226,0.3,-0.3,-0.6119,-0.72,-0.72,-0.877,-0.0,-0.0,-1.24,-1.5,-1.24,-1.5,-1.24,-1.5,0.9094,0.0,0.0231,0.9831,0.0154,-0.1824,0.0012,-1.42,-0.525,-1.28,-0.0001,-0.0001,-1.24,-1.57,-1.24,-1.5,-1.24,-1.5
0.0,1.9466,0.1136,0.428,0.0224,0.3,-0.3,-0.6119,-0.72,-0.72,-0.877,-0.0,-0.0,-1.24,-1.5,-1.24,-1.5,-1.24,-1.5,0.9095,0.0,0.0231,0.983,0.0154,-0.1824,0.0012,-1.42,-0.525,-1.28,-0.0001,-0.0001,-1.24,-1.57,-1.24,-1.5,-1.24,-1.5
0.0,1.946,0.1139,0.4301,0.0226,0.3,-0.3,-0.6119,-0.72,-0.72,-0.877,-0.0,-0.0,-1.24,-1.5,-1.24,-1.5,-1.24,-1.5,0.9095,0.0,0.0231,0.983,0.0154,-0.1824,0.0012,-1.42,-0.525,-1.28,-0.0001,-0.0001,-1.24,-1.57,-1.24,-1.5,-1.24,-1.5
0.0,1.9458,0.114,0.434,0.0226,0.3,-0.3,-0.6119,-0.72,-0.72,-0.877,-0.0,-0.0,-1.24,-1.5,-1.24,-1.5,-1.24,-1.5,0.9096,0.0,0.0231,0.983,0.0154,-0.1824,0.0012,-1.42,-0.525,-1.28,-0.0001,-0.0001,-1.24,-1.57,-1.24,-1.5,-1.24,-1.5
0.0,1.9463,0.1137,0.4317,0.0224,0.3,-0.3,-0.6119,-0.72,-0.72,-0.877,-0.0,-0.0,-1.24,-1.5,-1.24,-1.5,-1.24,-1.5,0.9096,0.0,0.0231,0.983,0.0154,-0.1824,0.0012,-1.42,-0.525,-1.28,-0.0001,-0.0001,-1.24,-1.57,-1.24,-1.5,-1.24,-1.5
0.0,1.9462,0.1137,0.4264,0.0226,0.3,-0.3,-0.6119,-0.72,-0.72,-0.877,-0.0,-0.0,-1.24,-1.5,-1.24,-1.5,-1.24,-1.5,0.9096,0.0,0.0231,0.983,0.0154,-0.1824,0.0012,-1.42,-0.525,-1.28,-0.0001,-0.0001,-1.24,-1.57,-1.24,-1.5,-1.24,-1.5
0.0,1.9453,0.1141,0.4297,0.023,0.3,-0.3,-0.6119,-0.72,-0.72,-0.877,-0.0,-0.0,-1.24,-1.5,-1.24,-1.5,-1.24,-1.5,0.9096,0.0,0.0231,0.983,0.0154,-0.1824,0.0012,-1.42,-0.525,-1.28,-0.0001,-0.0001,-1.24,-1.57,-1.24,-1.5,-1.24,-1.5
0.0,1.9453,0.1142,0.4332,0.0229,0.3,-0.3,-0.6119,-0.72,-0.72,-0.877,-0.0,-0.0,-1.24,-1.5,-1.24,-1.5,-1.24,-1.5,0.9096,0.0,0.0231,0.9829,0.0154,-0.1824,0.0012,-1.42,-0.525,-1.28,-0.0001,-0.0001,-1.24,-1.57,-1.24,-1.5,-1.24,-1.5
0.0,1.9457,0.1139,0.4318,0.0227,0.3,-0.3,-0.6119,-0.72,-0.72,-0.877,-0.0,-0.0,-1.24,-1.5,-1.24,-1.5,-1.24,-1.5,0.9097,0.0,0.023,0.9829,0.0154,-0.1824,0.0013,-1.42,-0.525,-1.28,-0.0001,-0.0001,-1.24,-1.57,-1.24,-1.5,-1.24,-1.5
0.0,1.9458,0.1139,0.4296,0.0228,0.3,-0.3,-0.6119,-0.72,-0.72,-0.877,-0.0,-0.0,-1.24,-1.5,-1.24,-1.5,-1.24,-1.5,0.9097,0.0,0.023,0.9829,0.0154,-0.1824,0.0013,-1.42,-0.525,-1.28,-0.0001,-0.0001,-1.24,-1.57,-1.24,-1.5,-1.24,-1.5
0.0,1.9455,0.114,0.4302,0.0229,0.3,-0.3,-0.6119,-0.72,-0.72,-0.877,-0.0,-0.0,-1.24,-1.5,-1.24,-1.5,-1.24,-1.5,0.9097,0.0,0.023,0.9829,0.0154,-0.1824,0.0013,-1.42,-0.525,-1.28,-0.0001,-0.0001,-1.24,-1.57,-1.24,-1.5,-1.24,-1.5
0.0,1.9454,0.114,0.4315,0.0229,0.3,-0.3,-0.6119,-0.72,-0.72,-0.877,-0.0,-0.0,-1.24,-1.5,-1.24,-1.5,-1.24,-1.5,0.9097,0.0,0.023,0.9829,0.0153,-0.1824,0.0013,-1.42,-0.525,-1.28,-0.0001,-0.0001,-1.24,-1.57,-1.24,-1.5,-1.24,-1.5
0.0,1.9457,0.114,0.4346,0.0227,0.3,-0.3,-0.6119,-0.72,-0.72,-0.877,-0.0,-0.0,-1.24,-1.5,-1.24,-1.5,-1.24,-1.5,0.9097,0.0,0.023,0.9829,0.0153,-0.1824,0.0013,-1.42,-0.525,-1.28,-0.0001,-0.0001,-1.24,-1.57,-1.24,-1.5,-1.24,-1.5
0.0,1.9462,0.1137,0.4316,0.0225,0.3,-0.3,-0.6119,-0.72,-0.72,-0.877,-0.0,-0.0,-1.24,-1.5,-1.24,-1.5,-1.24,-1.5,0.9097,0.0,0.023,0.9829,0.0153,-0.1824,0.0013,-1.42,-0.525,-1.28,-0.0001,-0.0001,-1.24,-1.57,-1.24,-1.5,-1.24,-1.5
0.0,1.946,0.1137,0.4262,0.0227,0.3,-0.3,-0.6119,-0.72,-0.72,-0.877,-0.0,-0.0,-1.24,-1.5,-1.24,-1.5,-1.24,-1.5,0.9098,0.0,0.023,0.9829,0.0153,-0.1824,0.0013,-1.42,-0.525,-1.28,-0.0001,-0.0001,-1.24,-1.57,-1.24,-1.5,-1.24,-1.5
0.0,1.9451,0.1141,0.4299,0.0231,0.3,-0.3,-0.6119,-0.72,-0.72,-0.877,-0.0,-0.0,-1.24,-1.5,-1.24,-1.5,-1.24,-1.5,0.9098,0.0,0.023,0.9829,0.0153,-0.1824,0.0013,-1.42,-0.525,-1.28,-0.0001,-0.0001,-1.24,-1.57,-1.24,-1.5,-1.24,-1.5
0.0,1.9451,0.1142,0.4335,0.023,0.3,-0.3,-0.6119,-0.72,-0.72,-0.877,-0.0,-0.0,-1.24,-1.5,-1.24,-1.5,-1.24,-1.5,0.9098,0.0,0.023,0.9829,0.0153,-0.1824,0.0013,-1.42,-0.525,-1.28,-0.0001,-0.0001,-1.24,-1.57,-1.24,-1.5,-1.24,-1.5
0.0,1.9456,0.1139,0.4319,0.0228,0.3,-0.3,-0.6119,-0.72,-0.72,-0.877,-0.0,-0.0,-1.24,-1.5,-1.24,-1.5,-1.24,-1.5,0.9098,0.0,0.023,0.9829,0.0153,-0.1824,0.0013,-1.42,-0.525,-1.28,-0.0001,-0.0001,-1.24,-1.57,-1.24,-1.5,-1.24,-1.5
0.0,1.9457,0.1138,0.4296,0.0228,0.3,-0.3,-0.6119,-0.72,-0.72,-0.877,-0.0,-0.0,-1.24,-1.5,-1.24,-1.5,-1.24,-1.5,0.9098,0.0,0.023,0.9829,0.0153,-0.1824,0.0013,-1.42,-0.525,-1.28,-0.0001,-0.0001,-1.24,-1.57,-1.24,-1.5,-1.24,-1.5
0.0,1.9454,0.114,0.4302,0.0229,0.3,-0.3,-0.6119,-0.72,-0.72,-0.877,-0.0,-0.0,-1.24,-1.5,-1.24,-1.5,-1.24,-1.5,0.9098,0.0,0.023,0.9829,0.0153,-0.1824,0.0013,-1.42,-0.525,-1.28,-0.0001,-0.0001,-1.24,-1.57,-1.24,-1.5,-1.24,-1.5
0.0,1.9453,0.114,0.4322,0.0229,0.3,-0.3,-0.6119,-0.72,-0.72,-0.877,-0.0,-0.0,-1.24,-1.5,-1.24,-1.5,-1.24,-1.5,0.9098,0.0,0.023,0.9829,0.0153,-0.1824,0.0013,-1.42,-0.525,-1.28,-0.0001,-0.0001,-1.24,-1.57,-1.24,-1.5,-1.24,-1.5
0.0,1.9456,0.1139,0.4312,0.0228,0.3,-0.3,-0.6119,-0.72,-0.72,-0.877,-0.0,-0.0,-1.24,-1.5,-1.24,-1.5,-1.24,-1.5,0.9098,0.0,0.023,0.9829,0.0153,-0.1824,0.0013,-1.42,-0.525,-1.28,-0.0001,-0.0001,-1.24,-1.57,-1.24,-1.5,-1.24,-1.5
0.0,1.9455,0.1139,0.4302,0.0229,0.3,-0.3,-0.6119,-0.72,-0.72,-0.877,-0.0,-0.0,-1.24,-1.5,-1.24,-1.5,-1.24,-1.5,0.9098,0.0,0.023,0.9829,0.0153,-0.1824,0.0013,-1.42,-0.525,-1.28,-0.0001,-0.0001,-1.24,-1.57,-1.24,-1.5,-1.24,-1.5
0.0,1.9454,0.114,0.4308,0.0229,0.3,-0.3,-0.6119,-0.72,-0.72,-0.877,-0.0,-0.0,-1.24,-1.5,-1.24,-1.5,-1.24,-1.5,0.9098,0.0,0.023,0.9829,0.0153,-0.1824,0.0013,-1.42,-0.525,-1.28,-0.0001,-0.0001,-1.24,-1.57,-1.24,-1.5,-1.24,-1.5
0.0,1.9455,0.114,0.4347,0.0228,0.3,-0.3,-0.6119,-0.72,-0.72,-0.877,-0.0,-0.0,-1.24,-1.5,-1.24,-1.5,-1.24,-1.5,0.9098,0.0,0.023,0.9829,0.0153,-0.1824,0.0013,-1.42,-0.525,-1.28,-0.0001,-0.0001,-1.24,-1.57,-1.24,-1.5,-1.24,-1.5
0.0,1.946,0.1137,0.4331,0.0225,0.3,-0.3,-0.6119,-0.72,-0.72,-0.877,-0.0,-0.0,-1.24,-1.5,-1.24,-1.5,-1.24,-1.5,0.9098,0.0,0.023,0.9828,0.0153,-0.1825,0.0013,-1.42,-0.525,-1.28,-0.0001,-0.0001,-1.24,-1.57,-1.24,-1.5,-1.24,-1.5
0.0,1.9461,0.1136,0.4261,0.0226,0.3,-0.3,-0.6119,-0.72,-0.72,-0.877,-0.0,-0.0,-1.24,-1.5,-1.24,-1.5,-1.24,-1.5,0.9098,0.0,0.023,0.9828,0.0153,-0.1825,0.0013,-1.42,-0.525,-1.28,-0.0001,-0.0001,-1.24,-1.57,-1.24,-1.5,-1.24,-1.5
0.0,1.9452,0.114,0.4323,0.0229,0.3,-0.3,-0.6119,-0.72,-0.72,-0.877,-0.0,-0.0,-1.24,-1.5,-1.24,-1.5,-1.24,-1.5,0.9098,0.0,0.023,0.9828,0.0153,-0.1825,0.0013,-1.42,-0.525,-1.28,-0.0001,-0.0001,-1.24,-1.57,-1.24,-1.5,-1.24,-1.5
0.0,1.9455,0.1139,0.4321,0.0228,0.3,-0.3,-0.6119,-0.72,-0.72,-0.877,-0.0,-0.0,-1.24,-1.5,-1.24,-1.5,-1.24,-1.5,0.9098,0.0,0.023,0.9828,0.0153,-0.1825,0.0013,-1.42,-0.525,-1.28,-0.0001,-0.0001,-1.24,-1.57,-1.24,-1.5,-1.24,-1.5
0.0,1.9456,0.1138,0.4299,0.0227,0.3,-0.3,-0.6119,-0.72,-0.72,-0.877,-0.0,-0.0,-1.24,-1.5,-1.24,-1.5,-1.24,-1.5,0.9098,0.0,0.023,0.9828,0.0153,-0.1825,0.0013,-1.42,-0.525,-1.28,-0.0001,-0.0001,-1.24,-1.57,-1.24,-1.5,-1.24,-1.5
0.0,1.9455,0.1139,0.4335,0.0227,0.3,-0.3,-0.6119,-0.72,-0.72,-0.877,-0.0,-0.0,-1.24,-1.5,-1.24,-1.5,-1.24,-1.5,0.9098,0.0,0.023,0.9828,0.0153,-0.1825,0.0013,-1.42,-0.525,-1.28,-0.0001,-0.0001,-1.24,-1.57,-1.24,-1.5,-1.24,-1.5
0.0,1.9458,0.1137,0.4292,0.0227,0.3,-0.3,-0.6119,-0.72,-0.72,-0.877,-0.0,-0.0,-1.24,-1.5,-1.24,-1.5,-1.24,-1.5,0.9098,0.0,0.023,0.9828,0.0153,-0.1825,0.0013,-1.42,-0.525,-1.28,-0.0001,-0.0001,-1.24,-1.57,-1.24,-1.5,-1.24,-1.5
0.0,1.9454,0.1139,0.4292,0.0229,0.3,-0.3,-0.6119,-0.72,-0.72,-0.877,-0.0,-0.0,-1.24,-1.5,-1.24,-1.5,-1.24,-1.5,0.9098,0.0,0.023,0.9828,0.0153,-0.1825,0.0013,-1.42,-0.525,-1.28,-0.0001,-0.0001,-1.24,-1.57,-1.24,-1.5,-1.24,-1.5
